albo,tipo,fondo,comparto,categoria_raw,isc_10,isc_35,macro_categoria,isc_combinato,score_costi,score_rendimenti,score_consistenza,magister_score,posizione
1,FPN,FONDO PENSIONE FONCHIM,CRESCITA,AZN,0.27,0.14,AZIONARIO,0.192,100.0,90.0,85.0,93.8,1
129,FPN,FONDO PENSIONE EUROFER,DINAMICO,AZN,0.24,0.17,AZIONARIO,0.198,99.89714285714285,89.91771428571428,85.0,93.7,2
93,FPN,FONDO PENSIONE LABORFONDS,LINEA DINAMICA,AZN,0.26,0.2,AZIONARIO,0.224,99.45142857142856,89.56114285714285,85.0,93.3,3
142,FPN,FONDO PENSIONE FONDEMAIN,DINAMICO  - Lavoratori autonomi,AZN,0.28,0.19,AZIONARIO,0.226,99.41714285714286,89.5337142857143,85.0,93.3,4
142,FPN,FONDO PENSIONE FONDEMAIN,DINAMICO  - Lavoratori dipendenti,AZN,0.28,0.19,AZIONARIO,0.226,99.41714285714286,89.5337142857143,85.0,93.3,5
170,FPN,PREVIDENZA COOPERATIVA,DINAMICO,AZN,0.27,0.2,AZIONARIO,0.228,99.38285714285715,89.50628571428572,85.0,93.3,6
2,FPN,FONDO PENSIONE FONDENERGIA,DINAMICO,AZN,0.26,0.22,AZIONARIO,0.23600000000000002,99.24571428571429,89.39657142857143,85.0,93.2,7
125,FPN,FONDO PENSIONE FONDO GOMMA PLASTICA,DINAMICO,AZN,0.31,0.18,AZIONARIO,0.23199999999999998,99.31428571428572,89.45142857142858,85.0,93.2,8
143,FPN,FONDO PENSIONE FONDOPOSTE,CRESCITA,AZN,0.26,0.23,AZIONARIO,0.24200000000000002,99.14285714285714,89.31428571428572,85.0,93.1,9
87,FPN,SOLIDARIETA' VENETO - FONDO PENSIONE,DINAMICO - Lavoratori dipendenti,AZN,0.32,0.23,AZIONARIO,0.266,98.73142857142857,88.98514285714286,85.0,92.8,10
145,FPN,FONDO PENSIONE FONDO SCUOLA ESPERO,DINAMICO,AZN,0.33,0.22,AZIONARIO,0.264,98.76571428571428,89.01257142857143,85.0,92.8,11
126,FPN,FONDO PENSIONE MEDIAFOND,COMPARTO AZIONARIO,AZN,0.35,0.22,AZIONARIO,0.272,98.62857142857143,88.90285714285716,85.0,92.7,12
164,FPN,FONDO PERSEO SIRIO,AZIONARIO,AZN,0.31,0.24,AZIONARIO,0.268,98.69714285714285,88.95771428571429,85.0,92.7,13
124,FPN,FONDO PENSIONE BYBLOS,DINAMICO,AZN,0.36,0.23,AZIONARIO,0.28200000000000003,98.45714285714286,88.7657142857143,85.0,92.6,14
107,FPN,FONDO PENSIONE FONCER,DINAMICO,AZN,0.4,0.23,AZIONARIO,0.29800000000000004,98.18285714285715,88.54628571428572,85.0,92.4,15
123,FPN,FONDO PENSIONE FON.TE.,DINAMICO,AZN,0.38,0.24,AZIONARIO,0.29600000000000004,98.21714285714286,88.57371428571429,85.0,92.4,16
167,FPN,FONDAEREO,AZIONARIO - Assistenti di volo,AZN,0.45,0.24,AZIONARIO,0.324,97.73714285714286,88.18971428571429,85.0,92.0,17
87,FPN,SOLIDARIETA' VENETO - FONDO PENSIONE,DINAMICO - Lavoratori autonomi,AZN,0.44,0.26,AZIONARIO,0.332,97.6,88.08,85.0,91.9,18
100,FPN,FONDO PENSIONE PEGASO,CRESCITA,AZN,0.42,0.31,AZIONARIO,0.354,97.22285714285714,87.77828571428572,85.0,91.6,19
117,FPN,FONDO PENSIONE PREVIMODA,RUBINO AZIONARIO,AZN,0.43,0.31,AZIONARIO,0.358,97.15428571428572,87.72342857142858,85.0,91.6,20
89,FPN,FONDO PENSIONE ALIFOND,DINAMICO,AZN,0.45,0.33,AZIONARIO,0.378,96.81142857142856,87.44914285714286,85.0,91.3,21
103,FPN,FONDO PENSIONE TELEMACO,DINAMICO,AZN,0.49,0.38,AZIONARIO,0.424,96.02285714285715,86.81828571428572,85.0,90.7,22
167,FPN,FONDAEREO,AZIONARIO - Piloti,AZN,0.65,0.27,AZIONARIO,0.42200000000000004,96.05714285714285,86.84571428571428,85.0,90.7,23
99,FPN,FONDO PENSIONE FOPEN,BILANCIATO AZIONARIO,AZN,0.55,0.47,AZIONARIO,0.502,94.68571428571428,85.74857142857142,85.0,89.7,24
77,FPN,FONDOSANITA',ESPANSIONE,AZN,0.75,0.38,AZIONARIO,0.528,94.24,85.392,85.0,89.3,25
88,FPN,FONDO PENSIONE PREVIAMBIENTE,AZIONARIO,AZN,0.68,0.56,AZIONARIO,0.6080000000000001,92.86857142857143,84.29485714285714,85.0,88.3,26
118,FPA,INSIEME - FONDO PENSIONE APERTO A CONTRIBUZIONE DEFINITA,LINEA BILANCIATA,AZN,0.83,0.76,AZIONARIO,0.788,89.78285714285714,81.82628571428572,85.0,85.9,27
118,FPA,INSIEME - FONDO PENSIONE APERTO A CONTRIBUZIONE DEFINITA,LINEA AZIONARIA,AZN,0.88,0.81,AZIONARIO,0.8380000000000001,88.92571428571428,81.14057142857142,85.0,85.2,28
65,FPA,SECONDAPENSIONE FONDO PENSIONE APERTO,ESPANSIONE ESG,AZN,0.94,0.86,AZIONARIO,0.892,88.0,80.4,85.0,84.5,29
5077,PIP,PENSIONLINE - PIANO INDIVIDUALE PENSIONISTICO DI TIPO ASSICURATIVO - FONDO PENSIONE,LVA AZIONARIO PREVIDENZA,AZN,1.04,1.04,AZIONARIO,1.04,85.46285714285715,78.37028571428571,85.0,82.6,30
5105,PIP,PENSIONE INTEGRATIVA GENERTEL - PIANO INDIVIDUALE PENSIONISTICO DI TIPO ASSICURATIVO - FONDO PENSIONE,GENERTEL AZIONARIO PREVIDENZA,AZN,1.04,1.04,AZIONARIO,1.04,85.46285714285715,78.37028571428571,85.0,82.6,31
37,FPA,FONDO PENSIONE APERTO ZURICH CONTRIBUTION,DINAMICA,AZN,1.12,1.05,AZIONARIO,1.078,84.81142857142856,77.84914285714285,85.0,82.1,32
169,FPA,CORE PENSION FONDO PENSIONE APERTO,AZIONARIO 75% ESG,AZN,1.29,1.18,AZIONARIO,1.224,82.30857142857143,75.84685714285715,85.0,80.1,33
115,FPA,FONDO PENSIONE APERTO CNP,AZIONARIO,AZN,1.38,1.25,AZIONARIO,1.302,80.97142857142856,74.77714285714285,85.0,79.1,34
169,FPA,CORE PENSION FONDO PENSIONE APERTO,AZIONARIO PLUS 90% ESG,AZN,1.45,1.34,AZIONARIO,1.384,79.56571428571428,73.65257142857143,85.0,78.0,35
5101,PIP,PIANO PENSIONE MONEYFARM - PIANO INDIVIDUALE PENSIONISTICO DI TIPO ASSICURATIVO - FONDO PENSIONE,MFM LINEA INTRAPRENDENTE,AZN,1.42,1.37,AZIONARIO,1.3900000000000001,79.46285714285713,73.57028571428572,85.0,77.9,36
10,FPA,PREVID-SYSTEM - FONDO PENSIONE APERTO,RIVALUTAZIONE AZIONARIA,AZN,1.48,1.39,AZIONARIO,1.426,78.84571428571428,73.07657142857143,85.0,77.5,37
4,FPA,ALLIANZ PREVIDENZA  FONDO PENSIONE APERTO A CONTRIBUZIONE DEFINITA,LINEA AZIONARIA,AZN,1.49,1.45,AZIONARIO,1.466,78.16,72.52799999999999,85.0,76.9,38
70,FPA,FONDO PENSIONE APERTO GIUSTINIANO,AZIONARIA,AZN,1.54,1.42,AZIONARIO,1.468,78.12571428571428,72.50057142857142,85.0,76.9,39
50,FPA,EURORISPARMIO PREVIDENZA COMPLEMENTARE FONDO PENSIONE APERTO,AZIONARIO EUROPA,AZN,1.57,1.45,AZIONARIO,1.4980000000000002,77.61142857142858,72.08914285714286,85.0,76.5,40
50,FPA,EURORISPARMIO PREVIDENZA COMPLEMENTARE FONDO PENSIONE APERTO,AZIONARIO INTERNAZIONALE,AZN,1.57,1.45,AZIONARIO,1.4980000000000002,77.61142857142858,72.08914285714286,85.0,76.5,41
147,FPA,FONDO PENSIONE APERTO PENSPLAN PROFI,ETHICAL LIFE HIGH GROWTH,AZN,1.58,1.45,AZIONARIO,1.5020000000000002,77.54285714285714,72.03428571428572,85.0,76.5,42
17,FPA,FONDO PENSIONE APERTO TESEO,SVILUPPO ETICA,AZN,1.56,1.52,AZIONARIO,1.536,76.96000000000001,71.56800000000001,85.0,76.0,43
5064,PIP,CATTOLICA PREVIDENZA PROGETTO PENSIONE BIS - PIANO INDIVIDUALE PENSIONISTICO DI TIPO ASSICURATIVO - FONDO PENSIONE,EV STRATEGIA INTERNAZIONALE,AZN,1.56,1.52,AZIONARIO,1.536,76.96000000000001,71.56800000000001,85.0,76.0,44
57,FPA,FONDO PENSIONE APERTO CREDIT AGRICOLE VITA,LINEA DINAMICA,AZN,1.63,1.5,AZIONARIO,1.552,76.68571428571428,71.34857142857143,85.0,75.8,45
53,FPA,FONDO PENSIONE APERTO AUREO,AZIONARIO ESG,AZN,1.65,1.57,AZIONARIO,1.6019999999999999,75.82857142857142,70.66285714285715,85.0,75.1,46
33,FPA,UNICREDIT - FONDO PENSIONE APERTO A CONTRIBUZIONE DEFINITA,DINAMICA - AZIONARIA INTERNAZIONALE,AZN,1.67,1.6,AZIONARIO,1.6280000000000001,75.38285714285715,70.30628571428572,85.0,74.8,47
40,FPA,PLURIFONDS IL FONDO PENSIONE DI ITAS VITA,ACTIVITAS,AZN,1.69,1.59,AZIONARIO,1.63,75.34857142857143,70.27885714285715,85.0,74.8,48
84,FPA,FONDO PENSIONE APERTO IL MIO DOMANI,LINEA LUNGO TERMINE ESG,AZN,1.8,1.51,AZIONARIO,1.626,75.41714285714286,70.3337142857143,85.0,74.8,49
18,FPA,DESTINAZIONE FUTURO – FONDO PENSIONE APERTO BY CREDEMVITA,EVOLUTO,AZN,1.71,1.6,AZIONARIO,1.6440000000000001,75.10857142857142,70.08685714285714,85.0,74.6,50
78,FPA,PROGRAMMA OPEN FONDO PENSIONE APERTO,PREVALENTEMENTE AZIONARIO ETICO,AZN,1.78,1.56,AZIONARIO,1.6480000000000001,75.03999999999999,70.032,85.0,74.5,51
5090,PIP,BNL PIANOPENSIONE - PIANO INDIVIDUALE PENSIONISTICO DI TIPO ASSICURATIVO - FONDO PENSIONE,VALORPLUS,AZN,1.81,1.55,AZIONARIO,1.654,74.93714285714286,69.9497142857143,85.0,74.5,52
8,FPA,GENERALI GLOBAL - FONDO PENSIONE APERTO A CONTRIBUZIONE DEFINITA,AZIONARIO GLOBALE,AZN,1.76,1.6,AZIONARIO,1.6640000000000001,74.76571428571428,69.81257142857143,85.0,74.3,53
63,FPA,ARTI E MESTIERI FONDO PENSIONE APERTO,CRESCITA 25+,AZN,1.73,1.63,AZIONARIO,1.67,74.66285714285715,69.73028571428571,85.0,74.2,54
5069,PIP,AXA PROGETTO PENSIONE PIU' - PIANO INDIVIDUALE PENSIONISTICO DI TIPO ASSICURATIVO - FONDO PENSIONE,AXA PREVIDENZA EUROPA,AZN,1.98,1.55,AZIONARIO,1.722,73.77142857142857,69.01714285714286,85.0,73.6,55
5069,PIP,AXA PROGETTO PENSIONE PIU' - PIANO INDIVIDUALE PENSIONISTICO DI TIPO ASSICURATIVO - FONDO PENSIONE,AXA PREVIDENZA INTERNAZIONALE,AZN,1.98,1.55,AZIONARIO,1.722,73.77142857142857,69.01714285714286,85.0,73.6,56
5,FPA,PREVIDENZA PER TE - FONDO PENSIONE APERTO,CRESCITA,AZN,1.88,1.72,AZIONARIO,1.784,72.70857142857142,68.16685714285714,85.0,72.7,57
30,FPA,FONDO PENSIONE APERTO UNIPOL PREVIDENZA FPA,AZIONARIO,AZN,1.89,1.72,AZIONARIO,1.788,72.64,68.112,85.0,72.7,58
22,FPA,FONDO PENSIONE APERTO  VITTORIA FORMULA LAVORO,PREVIDENZA CAPITALIZZATA,AZN,1.92,1.73,AZIONARIO,1.806,72.33142857142857,67.86514285714287,85.0,72.4,59
160,FPA,BAP PENSIONE 2007 FONDO PENSIONE APERTO,INVESTIMENTO,AZN,1.86,1.82,AZIONARIO,1.8360000000000003,71.81714285714285,67.45371428571428,85.0,72.0,60
5080,PIP,CATTOLICAPREVIDENZAPERLAPENSIONE - PIANO INDIVIDUALE PENSIONISTICO DI TIPO ASSICURATIVO - FONDO PENSIONE,EV STRATEGIA INTERNAZIONALE,AZN,2.11,1.67,AZIONARIO,1.846,71.64571428571429,67.31657142857144,85.0,71.9,61
5079,PIP,HELVETIA AEQUA PIANO INDIVIDUALE PENSIONISTICO DI TIPO ASSICURATIVO - FONDO PENSIO,HELVETIA MULTIMANAGER EQUITY,AZN,1.87,1.87,AZIONARIO,1.87,71.2342857142857,66.98742857142857,85.0,71.6,62
120,FPA,FONDO PENSIONE APERTO BIM VITA,EQUITY,AZN,1.91,1.87,AZIONARIO,1.8860000000000001,70.96,66.768,85.0,71.4,63
111,FPA,AZIONE DI PREVIDENZA - FONDO PENSIONE APERTO,DINAMICA,AZN,1.97,1.84,AZIONARIO,1.8920000000000001,70.85714285714286,66.68571428571428,85.0,71.3,64
7,FPA,FONDO PENSIONE FIDEURAM - FONDO PENSIONE APERTO,MILLENIALS,AZN,2.02,1.85,AZIONARIO,1.9180000000000001,70.41142857142856,66.32914285714284,85.0,71.0,65
5059,PIP,PIANO INDIVIDUALE PENSIONISTICO DI TIPO ASSICURATIVO  - FONDO PENSIONE GUARDO AVANTI NEW,CATTOLICA PREVIDENZA AZIONARIO,AZN,2.09,1.84,AZIONARIO,1.94,70.03428571428572,66.02742857142857,85.0,70.7,66
155,FPA,FONDO PENSIONE APERTO SOLUZIONE PREVIDENTE,LINEA 4 DINAMICA,AZN,2.01,1.9,AZIONARIO,1.944,69.96571428571428,65.97257142857143,85.0,70.6,67
39,FPA,ZED OMNIFUND - FONDO PENSIONE APERTO,BILANCIATA 65,AZN,2.09,1.89,AZIONARIO,1.9699999999999998,69.52000000000001,65.61600000000001,85.0,70.3,68
5060,PIP,PIANO INDIVIDUALE PENSIONISTICO DI TIPO ASSICURATIVO - FONDO PENSIONE - PUNTALTO,CATTOLICA PREVIDENZA AZIONARIO,AZN,2.16,1.86,AZIONARIO,1.9800000000000002,69.34857142857143,65.47885714285715,85.0,70.1,69
92,FPA,AZIMUT PREVIDENZA - FONDO PENSIONE APERTO,CRESCITA,AZN,2.13,1.93,AZIONARIO,2.01,68.83428571428573,65.0674285714286,85.0,69.8,70
5056,PIP,PIANO INDIVIDUALE PENSIONISTICO DI TIPO ASSICURATIVO - FONDO PENSIONE PREVINEXT,PREVINEXT DYNAMIC,AZN,2.12,1.94,AZIONARIO,2.012,68.8,65.03999999999999,85.0,69.7,71
5057,PIP,PIANO INDIVIDUALE PENSIONISTICO DI TIPO ASSICURATIVO - FONDO PENSIONE PREVINEXT PLATINUM,PREVINEXT DYNAMIC,AZN,2.2,1.96,AZIONARIO,2.056,68.04571428571428,64.43657142857143,85.0,69.1,72
5075,PIP,VERA VITA PREVIDENZA - PIANO INDIVIDUALE PENSIONISTICO DI TIPO ASSICURATIVO - FONDO PENSIONE,POPOLARE VITA VALUE,AZN,2.29,1.93,AZIONARIO,2.074,67.73714285714286,64.18971428571429,85.0,68.9,73
5088,PIP,VERA VITA PENSIONE SICURA - PIANO INDIVIDUALE PENSIONISTICO DI TIPO ASSICURATIVO - FONDO PENSIONE,POPOLARE VITA VALUE,AZN,2.29,1.93,AZIONARIO,2.074,67.73714285714286,64.18971428571429,85.0,68.9,74
34,FPA,FONDO PENSIONE APERTO PREVIGEST FUND MEDIOLANUM,AZIONARIO,AZN,2.14,2.04,AZIONARIO,2.08,67.63428571428571,64.10742857142857,85.0,68.8,75
5012,PIP,VIPENSIONO - PIANO INDIVIDUALE PENSIONISTICO DI TIPO ASSICURATIVO - FONDO PENSIONE,EUROVIP,AZN,2.32,1.93,AZIONARIO,2.086,67.53142857142856,64.02514285714285,85.0,68.7,76
5051,PIP,AVIVA VITA - PRO FUTURO - PIANO INDIVIDUALE PENSIONISTICO DI TIPO ASSICURATIVO - FONDO PENSIONE,AVIVA-UBI 4,AZN,2.26,1.99,AZIONARIO,2.098,67.32571428571428,63.86057142857143,85.0,68.6,77
5053,PIP,FEELGOOD - PIANO INDIVIDUALE PENSIONISTICO DI TIPO ASSICURATIVO - FONDO PENSIONE,ITALIANA LINEA FUTURO,AZN,2.23,2.03,AZIONARIO,2.11,67.12,63.696000000000005,85.0,68.4,78
7,FPA,FONDO PENSIONE FIDEURAM - FONDO PENSIONE APERTO,CRESCITA,AZN,2.22,2.05,AZIONARIO,2.118,66.98285714285714,63.586285714285715,85.0,68.3,79
7,FPA,FONDO PENSIONE FIDEURAM - FONDO PENSIONE APERTO,VALORE,AZN,2.22,2.05,AZIONARIO,2.118,66.98285714285714,63.586285714285715,85.0,68.3,80
5006,PIP,ALLEATA PREVIDENZA - PIANO INDIVIDUALE PENSIONISTICO DI TIPO ASSICURATIVO - FONDO PENSIONE,ALLEATA AZIONARIA,AZN,2.44,2.01,AZIONARIO,2.1819999999999995,65.8857142857143,62.708571428571446,85.0,67.5,81
5027,PIP,CNP TOP PENSION - PIANO INDIVIDUALE PENSIONISTICO DI TIPO ASSICURATIVO - FONDO PENSIONE,CNP PIP AZIONARIO,AZN,2.38,2.1,AZIONARIO,2.2119999999999997,65.37142857142857,62.29714285714286,85.0,67.1,82
5099,PIP,UNIPOL PREVIDENZA FUTURA - PIANO INDIVIDUALE PENSIONISTICO DI TIPO ASSICURATIVO - FONDO PENSIONE,PREVIGLOBALE,AZN,2.54,2.01,AZIONARIO,2.2219999999999995,65.20000000000002,62.16000000000002,85.0,67.0,83
5036,PIP,PIANO INDIVIDUALE PENSIONISTICO DI TIPO ASSICURATIVO - PROGRESSIVE PENSION PLAN - PROGRAMMA DINAMICO - FONDO PENSIONE,POWER,AZN,2.36,2.17,AZIONARIO,2.2459999999999996,64.78857142857144,61.830857142857155,85.0,66.6,84
6,FPA,ALMEGLIO FONDO PENSIONE APERTO ALLEANZA A CONTRIBUZIONE DEFINITA,AZIONARIO,AZN,2.58,2.1,AZIONARIO,2.292,64.0,61.2,85.0,66.0,85
5104,PIP,PENSIONE FUTURA - PIANO INDIVIDUALE PENSIONISTICO DI TIPO ASSICURATIVO - FONDO PENSIONE,PENSIONE FUTURA           LINEA DINAMICA,AZN,2.56,2.13,AZIONARIO,2.3019999999999996,63.82857142857144,61.062857142857155,85.0,65.9,86
5098,PIP,CREDEMVITA FUTURA - PIANO INDIVIDUALE PENSIONISTICO DI TIPO ASSICURATIVO - FONDO PENSIONE,AZIONARIO,AZN,2.48,2.2,AZIONARIO,2.3120000000000003,63.65714285714285,60.925714285714285,85.0,65.8,87
5033,PIP,PROGRAMMA PER TE - PIANO INDIVIDUALE PENSIONISTICO DI TIPO ASSICURATIVO - FONDO PENSIONE,VALOREPIÙ AZIONARIO PREVIDENZA,AZN,2.73,2.13,AZIONARIO,2.37,62.66285714285715,60.13028571428572,85.0,65.0,88
5103,PIP,ATHORA FUTURO PREVIDENZA - PIANO INDIVIDUALE PENSIONISTICO DI TIPO ASSICURATIVO - FONDO PENSIONE,ATHORA FUTURO AZIONARIO,AZN,2.58,2.23,AZIONARIO,2.37,62.66285714285715,60.13028571428572,85.0,65.0,89
5052,PIP,CENTO STELLE REALE - PIANO INDIVIDUALE PENSIONISTICO DI TIPO ASSICURATIVO - FONDO PENSIONE,REALE LINEA FUTURO,AZN,2.5,2.29,AZIONARIO,2.3739999999999997,62.59428571428572,60.075428571428574,85.0,64.9,90
39,FPA,ZED OMNIFUND - FONDO PENSIONE APERTO,AZIONARIA,AZN,2.51,2.31,AZIONARIO,2.3899999999999997,62.32000000000001,59.85600000000001,85.0,64.7,91
5108,PIP,PENSIONE REALE CLASSIC - PIANO INDIVIDUALE PENSIONISTICO DI TIPO ASSICURATIVO - FONDO PENSIONE,REALE LINEA FUTURO,AZN,2.6,2.3,AZIONARIO,2.42,61.805714285714295,59.444571428571436,85.0,64.3,92
5072,PIP,SARA MULTISTRATEGY PIP - PIANO INDIVIDUALE PENSIONISTICO DI TIPO ASSICURATIVO - FONDO PENSIONE,SARA PREVIFUTURO  - COMPARTO AZIONARIO INTERNAZIONALE,AZN,2.7,2.25,AZIONARIO,2.4299999999999997,61.63428571428572,59.307428571428574,85.0,64.2,93
5092,PIP,LIBERO DOMANI - PIANO INDIVIDUALE PENSIONISTICO DI TIPO ASSICURATIVO - FONDO PENSIONE,SARA PREVIFUTURO  - COMPARTO AZIONARIO INTERNAZIONALE,AZN,2.7,2.25,AZIONARIO,2.4299999999999997,61.63428571428572,59.307428571428574,85.0,64.2,94
5097,PIP,CNP VALORE INTEGRATIVO - PIANO INDIVIDUALE PENSIONISTICO DI TIPO ASSICURATIVO - FONDO PENSIONE,CNP PIP AZIONARIO,AZN,2.76,2.21,AZIONARIO,2.4299999999999997,61.63428571428572,59.307428571428574,85.0,64.2,95
5068,PIP,DOMANI SICURO PLUS - PIANO INDIVIDUALE PENSIONISTICO DI TIPO ASSICURATIVO - FONDO PENSIONE,PREVIDENZA FUTURO AGGRESSIVA,AZN,2.86,2.21,AZIONARIO,2.4699999999999998,60.94857142857144,58.75885714285715,85.0,63.7,96
5085,PIP,UNICREDIT PENSIONE PIP - PIANO INDIVIDUALE PENSIONISTICO DI TIPO ASSICURATIVO - FONDO PENSIONE,CNP PREVIDENZA EQUITY,AZN,2.71,2.38,AZIONARIO,2.512,60.22857142857143,58.182857142857145,85.0,63.1,97
5086,PIP,UNICREDIT PREVIDENZA PIP  - PIANO INDIVIDUALE PENSIONISTICO DI TIPO ASSICURATIVO - FONDO PENSIONE,CREDITRAS PREVIDENZA EQUITY,AZN,2.71,2.38,AZIONARIO,2.512,60.22857142857143,58.182857142857145,85.0,63.1,98
5087,PIP,UNICREDIT FUTURO PIP CNP - PIANO INDIVIDUALE PENSIONISTICO DI TIPO ASSICURATIVO - FONDO PENSIONE,CNP ASSICURAZIONE PREVIDENZA EQUITY,AZN,2.71,2.38,AZIONARIO,2.512,60.22857142857143,58.182857142857145,85.0,63.1,99
5094,PIP,ORIZZONTE PREVIDENZA - PIANO INDIVIDUALE PENSIONISTICO DI TIPO ASSICURATIVO - FONDO PENSIONE,AZIONARIO GLOBALE,AZN,2.53,2.5,AZIONARIO,2.512,60.22857142857143,58.182857142857145,85.0,63.1,100
5102,PIP,GENERAZIONE PREVIDENTE - PIANO INDIVIDUALE PENSIONISTICO DI TIPO ASSICURATIVO - FONDO PENSIONE,GENERALI AZIONE SOSTENIBILE,AZN,3.03,2.27,AZIONARIO,2.574,59.16571428571429,57.332571428571434,85.0,62.3,101
5091,PIP,MIA PENSIONE - PIANO INDIVIDUALE PENSIONISTICO DI TIPO ASSICURATIVO - FONDO PENSIONE,PREVIDENZA EURO SMALL CAP,AZN,2.88,2.38,AZIONARIO,2.58,59.06285714285714,57.25028571428572,85.0,62.2,102
5091,PIP,MIA PENSIONE - PIANO INDIVIDUALE PENSIONISTICO DI TIPO ASSICURATIVO - FONDO PENSIONE,PREVIDENZA MEGATREND,AZN,2.88,2.38,AZIONARIO,2.58,59.06285714285714,57.25028571428572,85.0,62.2,103
5010,PIP,AXA MPS PREVIDENZA ATTIVA - PIANO INDIVIDUALE PENSIONISTICO DI TIPO ASSICURATIVO - FONDO PENSIONE,MPV PREVIDENZA AGGRESSIVO,AZN,2.73,2.49,AZIONARIO,2.5860000000000003,58.959999999999994,57.168,85.0,62.1,104
5096,PIP,PENSIONE DOMANI - PIANO INDIVIDUALE PENSIONISTICO DI TIPO ASSICURATIVO - FONDO PENSIONE,AZIONE PIU',AZN,2.94,2.41,AZIONARIO,2.622,58.34285714285715,56.67428571428572,85.0,61.7,105
5110,PIP,PREVIDENZA ITALIANA - PIANO INDIVIDUALE PENSIONISTICO DI TIPO ASSICURATIVO - FONDO PENSIONE,ITALIANA LINEA FUTURO,AZN,2.92,2.42,AZIONARIO,2.62,58.37714285714286,56.70171428571429,85.0,61.7,106
5097,PIP,CNP VALORE INTEGRATIVO - PIANO INDIVIDUALE PENSIONISTICO DI TIPO ASSICURATIVO - FONDO PENSIONE,CNP ASSICURAZIONE PREVIDENZA EQUITY,AZN,2.96,2.41,AZIONARIO,2.63,58.205714285714286,56.56457142857143,85.0,61.6,107
5106,PIP,BG PREVIDENZA ATTIVA PREMIUM - PIANO INDIVIDUALE PENSIONISTICO DI TIPO ASSICURATIVO - FONDO PENSIONE,AZIONARIO PREVIDENZA ATTIVA PREMIUM,AZN,2.88,2.46,AZIONARIO,2.628,58.24,56.592000000000006,85.0,61.6,108
5011,PIP,AXA MPS PREVIDENZA PERSONALE - PIANO INDIVIDUALE PENSIONISTICO DI TIPO ASSICURATIVO - FONDO PENSIONE,MPV PREVIDENZA AGGRESSIVO,AZN,2.96,2.56,AZIONARIO,2.7199999999999998,56.66285714285715,55.33028571428572,85.0,60.4,109
5055,PIP,SENIORVITA VALORE FUTURO - PIANO INDIVIDUALE PENSIONISTICO DI TIPO ASSICURATIVO - FONDO PENSIONE,PROGETTO SPRINT,AZN,3.0,2.56,AZIONARIO,2.736,56.388571428571424,55.11085714285714,85.0,60.2,110
5102,PIP,GENERAZIONE PREVIDENTE - PIANO INDIVIDUALE PENSIONISTICO DI TIPO ASSICURATIVO - FONDO PENSIONE,A.G. EUROPEAN EQUITY,AZN,3.18,2.43,AZIONARIO,2.7300000000000004,56.49142857142857,55.19314285714286,85.0,60.2,111
5037,PIP,PIP PROGETTO PENSIONE - PIANO INDIVIDUALE PENSIONISTICO DI TIPO ASSICURATIVO - FONDO PENSIONE,STRATEGIA 55,AZN,3.01,2.63,AZIONARIO,2.782,55.6,54.480000000000004,85.0,59.6,112
5109,PIP,PENSIONE REALE PREMIUM - PIANO INDIVIDUALE PENSIONISTICO DI TIPO ASSICURATIVO - FONDO PENSIONE,REALE LINEA FUTURO,AZN,3.21,2.49,AZIONARIO,2.778,55.66857142857143,54.53485714285715,85.0,59.6,113
5107,PIP,ZURICH SPAZIO PREVIDENZA -PIANO INDIVIDUALE PENSIONISTICO DI TIPO ASSICURATIVO - FONDO PENSIONE,ZURICH PENSION ESG AZIONARIO,AZN,3.08,2.69,AZIONARIO,2.846,54.502857142857145,53.60228571428572,85.0,58.7,114
5038,PIP,VITA&amp;PREVIDENZA SANPAOLO PIU'  - PIANO INDIVIDUALE PENSIONISTICO DI TIPO ASSICURATIVO - FONDO PENSIONE,GLOBAL EQUITY PREVI,AZN,3.14,2.77,AZIONARIO,2.918,53.268571428571434,52.61485714285715,85.0,57.8,115
5019,PIP,PROGRAMMA PENSIONE - PIANO INDIVIDUALE PENSIONISTICO DI TIPO ASSICURATIVO - FONDO PENSIONE,ZURICH PENSION ESG AZIONARIO,AZN,3.18,2.78,AZIONARIO,2.9400000000000004,52.89142857142856,52.31314285714285,85.0,57.5,116
5037,PIP,PIP PROGETTO PENSIONE - PIANO INDIVIDUALE PENSIONISTICO DI TIPO ASSICURATIVO - FONDO PENSIONE,STRATEGIA 70,AZN,3.16,2.79,AZIONARIO,2.938,52.925714285714285,52.34057142857143,85.0,57.5,117
5055,PIP,SENIORVITA VALORE FUTURO - PIANO INDIVIDUALE PENSIONISTICO DI TIPO ASSICURATIVO - FONDO PENSIONE,PROGETTO OPPORTUNITY,AZN,3.2,2.76,AZIONARIO,2.936,52.96000000000001,52.36800000000001,85.0,57.5,118
5025,PIP,TAXBENEFIT NEW - PIANO INDIVIDUALE PENSIONISTICO DI TIPO ASSICURATIVO - FONDO PENSIONE,CHALLENGE PROVIDENT FUND 1,AZN,3.08,2.95,AZIONARIO,3.0020000000000002,51.82857142857143,51.462857142857146,85.0,56.7,119
5016,PIP,BG PREVIDENZA ATTIVA - PIANO INDIVIDUALE PENSIONISTICO DI TIPO ASSICURATIVO - FONDO PENSIONE,LVA DINAMICO PREVIDENZA,AZN,3.5,3.07,AZIONARIO,3.242,47.71428571428572,48.17142857142858,85.0,53.5,120
5015,PIP,NUOVA PENSIONE - PIANO INDIVIDUALE PENSIONISTICO DI TIPO ASSICURATIVO - FONDO PENSIONE,LVA DINAMICO PREVIDENZA,AZN,3.56,3.09,AZIONARIO,3.278,47.097142857142856,47.67771428571429,85.0,53.0,121
5047,PIP,MODUS. PIANO INDIVIDUALE PENSIONISTICO DI TIPO ASSICURATIVO - FONDO PENSIONE,BCC VITA EQUITY AMERICA PIP,AZN,4.06,3.43,AZIONARIO,3.6819999999999995,40.17142857142858,42.13714285714286,85.0,47.7,122
5047,PIP,MODUS. PIANO INDIVIDUALE PENSIONISTICO DI TIPO ASSICURATIVO - FONDO PENSIONE,BCC VITA EQUITY ASIA PIP,AZN,4.06,3.43,AZIONARIO,3.6819999999999995,40.17142857142858,42.13714285714286,85.0,47.7,123
5047,PIP,MODUS. PIANO INDIVIDUALE PENSIONISTICO DI TIPO ASSICURATIVO - FONDO PENSIONE,BCC VITA EQUITY EUROPA PIP,AZN,4.07,3.44,AZIONARIO,3.692,40.0,42.0,85.0,47.6,124
61,FPN,FONDO PENSIONE COMETA,REDDITO,BIL,0.16,0.09,BILANCIATO,0.118,100.0,90.0,85.0,93.8,1
61,FPN,FONDO PENSIONE COMETA,CRESCITA,BIL,0.18,0.11,BILANCIATO,0.138,99.53051643192488,89.6244131455399,85.0,93.4,2
136,FPN,FONDO PENSIONE PREVEDI,BILANCIATO,BIL,0.21,0.19,BILANCIATO,0.198,98.12206572769954,88.49765258215963,85.0,92.3,3
148,FPN,ASTRI - FONDO PENSIONE,BILANCIATO,BIL,0.28,0.17,BILANCIATO,0.21400000000000002,97.74647887323944,88.19718309859155,85.0,92.0,4
139,FPN,FONDO PENSIONE PRIAMO,BILANCIATO SVILUPPO,BIL,0.31,0.18,BILANCIATO,0.23199999999999998,97.32394366197182,87.85915492957747,85.0,91.7,5
2,FPN,FONDO PENSIONE FONDENERGIA,BILANCIATO,BIL,0.26,0.23,BILANCIATO,0.24200000000000002,97.08920187793427,87.67136150234742,85.0,91.5,6
145,FPN,FONDO PENSIONE FONDO SCUOLA ESPERO,CRESCITA,BIL,0.31,0.2,BILANCIATO,0.244,97.04225352112677,87.63380281690142,85.0,91.5,7
3,FPN,FONDO PENSIONE QUADRI E CAPI FIAT,CRESCITA,BIL,0.33,0.19,BILANCIATO,0.246,96.99530516431925,87.5962441314554,85.0,91.4,8
129,FPN,FONDO PENSIONE EUROFER,BILANCIATO,BIL,0.3,0.23,BILANCIATO,0.258,96.71361502347418,87.37089201877934,85.0,91.2,9
93,FPN,FONDO PENSIONE LABORFONDS,LINEA BILANCIATA,BIL,0.3,0.24,BILANCIATO,0.264,96.57276995305165,87.25821596244133,85.0,91.1,10
87,FPN,SOLIDARIETA' VENETO - FONDO PENSIONE,REDDITO  - Lavoratori dipendenti,BIL,0.33,0.24,BILANCIATO,0.276,96.29107981220658,87.03286384976526,85.0,90.9,11
157,FPN,FONDO PENSIONE AGRIFONDO,BILANCIATO,BIL,0.36,0.23,BILANCIATO,0.28200000000000003,96.15023474178403,86.92018779342723,85.0,90.8,12
116,FPN,FONDO PENSIONE FONDAPI,CRESCITA,BIL,0.36,0.24,BILANCIATO,0.288,96.0093896713615,86.80751173708921,85.0,90.7,13
123,FPN,FONDO PENSIONE FON.TE.,CRESCITA,BIL,0.38,0.24,BILANCIATO,0.29600000000000004,95.82159624413146,86.65727699530517,85.0,90.5,14
89,FPN,FONDO PENSIONE ALIFOND,BILANCIATO,BIL,0.4,0.28,BILANCIATO,0.32800000000000007,95.07042253521126,86.05633802816901,85.0,90.0,15
117,FPN,FONDO PENSIONE PREVIMODA,SMERALDO BILANCIATO,BIL,0.41,0.29,BILANCIATO,0.33799999999999997,94.83568075117371,85.86854460093898,85.0,89.8,16
87,FPN,SOLIDARIETA' VENETO - FONDO PENSIONE,REDDITO - Lavoratori autonomi,BIL,0.45,0.27,BILANCIATO,0.342,94.74178403755869,85.79342723004696,85.0,89.7,17
143,FPN,FONDO PENSIONE FONDOPOSTE,BILANCIATO,BIL,0.37,0.33,BILANCIATO,0.346,94.64788732394366,85.71830985915493,85.0,89.6,18
125,FPN,FONDO PENSIONE FONDO GOMMA PLASTICA,BILANCIATO,BIL,0.43,0.3,BILANCIATO,0.352,94.50704225352112,85.6056338028169,85.0,89.5,19
106,FPN,FONDO PENSIONE ARCO,BILANCIATO DINAMICO,BIL,0.45,0.31,BILANCIATO,0.366,94.17840375586854,85.34272300469483,85.0,89.3,20
127,FPN,PREVAER - FONDO PENSIONE,LINEA CRESCITA,BIL,0.47,0.34,BILANCIATO,0.392,93.5680751173709,84.85446009389672,85.0,88.8,21
127,FPN,PREVAER - FONDO PENSIONE,LINEA DINAMICA,BIL,0.47,0.34,BILANCIATO,0.392,93.5680751173709,84.85446009389672,85.0,88.8,22
106,FPN,FONDO PENSIONE ARCO,BILANCIATO PRUDENTE,BIL,0.49,0.35,BILANCIATO,0.406,93.2394366197183,84.59154929577464,85.0,88.5,23
107,FPN,FONDO PENSIONE FONCER,BILANCIATO,BIL,0.54,0.37,BILANCIATO,0.43800000000000006,92.48826291079811,83.9906103286385,85.0,88.0,24
124,FPN,FONDO PENSIONE BYBLOS,BILANCIATO,BIL,0.52,0.39,BILANCIATO,0.442,92.3943661971831,83.91549295774648,85.0,87.9,25
77,FPN,FONDOSANITA',PROGRESSIONE,BIL,0.73,0.36,BILANCIATO,0.508,90.84507042253522,82.67605633802818,85.0,86.7,26
100,FPN,FONDO PENSIONE PEGASO,BILANCIATO,BIL,0.6,0.49,BILANCIATO,0.534,90.23474178403755,82.18779342723005,85.0,86.2,27
65,FPA,SECONDAPENSIONE FONDO PENSIONE APERTO,BILANCIATA ESG,BIL,0.78,0.71,BILANCIATO,0.738,85.44600938967136,78.35680751173709,85.0,82.5,28
65,FPA,SECONDAPENSIONE FONDO PENSIONE APERTO,SVILUPPO ESG,BIL,0.84,0.76,BILANCIATO,0.792,84.17840375586854,77.34272300469483,85.0,81.6,29
118,FPA,INSIEME - FONDO PENSIONE APERTO A CONTRIBUZIONE DEFINITA,LINEA MULTIASSET,BIL,1.1,0.87,BILANCIATO,0.9620000000000001,80.18779342723005,74.15023474178405,85.0,78.5,30
153,FPA,FONDO PENSIONE APERTO UBI PREVIDENZA,MODERATO,BIL,1.02,0.95,BILANCIATO,0.978,79.81220657276995,73.84976525821597,85.0,78.2,31
169,FPA,CORE PENSION FONDO PENSIONE APERTO,BILANCIATO 50% ESG,BIL,1.14,1.03,BILANCIATO,1.0739999999999998,77.55868544600939,72.04694835680752,85.0,76.5,32
115,FPA,FONDO PENSIONE APERTO CNP,BILANCIATO,BIL,1.18,1.05,BILANCIATO,1.1019999999999999,76.90140845070422,71.52112676056339,85.0,76.0,33
18,FPA,DESTINAZIONE FUTURO – FONDO PENSIONE APERTO BY CREDEMVITA,MODERATO,BIL,1.19,1.08,BILANCIATO,1.124,76.3849765258216,71.10798122065728,85.0,75.6,34
10,FPA,PREVID-SYSTEM - FONDO PENSIONE APERTO,ACCUMULAZIONE BILANCIATA,BIL,1.18,1.09,BILANCIATO,1.126,76.33802816901408,71.07042253521126,85.0,75.5,35
22,FPA,FONDO PENSIONE APERTO  VITTORIA FORMULA LAVORO,PREVIDENZA BILANCIATO INTERNAZIONALE,BIL,1.24,1.05,BILANCIATO,1.126,76.33802816901408,71.07042253521126,85.0,75.5,36
70,FPA,FONDO PENSIONE APERTO GIUSTINIANO,BILANCIATA,BIL,1.24,1.12,BILANCIATO,1.1680000000000001,75.35211267605634,70.28169014084507,85.0,74.8,37
63,FPA,ARTI E MESTIERI FONDO PENSIONE APERTO,EQUILIBRIO 5+,BIL,1.23,1.13,BILANCIATO,1.17,75.30516431924883,70.24413145539907,85.0,74.7,38
171,FPA,AZIMUT SUSTAINABLE FUTURE -FONDO PENSIONE APERTO,BILANCIATO CONSERVATIVO,BIL,1.3,1.1,BILANCIATO,1.1800000000000002,75.07042253521126,70.05633802816902,85.0,74.6,39
40,FPA,PLURIFONDS IL FONDO PENSIONE DI ITAS VITA,AEQUITAS,BIL,1.26,1.13,BILANCIATO,1.182,75.02347417840376,70.01877934272301,85.0,74.5,40
5003,PIP,POSTAPREVIDENZA VALORE - PIANO INDIVIDUALE PENSIONISTICO DI TIPO ASSICURATIVO - FONDO PENSIONE,POSTE VITA PREVIDENZA FLESSIBILE,BIL,1.45,1.07,BILANCIATO,1.222,74.08450704225352,69.26760563380282,85.0,73.8,41
147,FPA,FONDO PENSIONE APERTO PENSPLAN PROFI,ETHICAL LIFE GROWTH,BIL,1.32,1.19,BILANCIATO,1.242,73.6150234741784,68.89201877934272,85.0,73.4,42
149,FPA,RAIFFEISEN FONDO PENSIONE APERTO,ACTIVITY,BIL,1.3,1.22,BILANCIATO,1.252,73.38028169014085,68.70422535211267,85.0,73.3,43
5,FPA,PREVIDENZA PER TE - FONDO PENSIONE APERTO,STABILITÀ,BIL,1.36,1.19,BILANCIATO,1.258,73.2394366197183,68.59154929577466,85.0,73.1,44
4,FPA,ALLIANZ PREVIDENZA  FONDO PENSIONE APERTO A CONTRIBUZIONE DEFINITA,LINEA BILANCIATA,BIL,1.29,1.25,BILANCIATO,1.266,73.05164319248826,68.44131455399061,85.0,73.0,45
30,FPA,FONDO PENSIONE APERTO UNIPOL PREVIDENZA FPA,BILANCIATO EQUILIBRATO,BIL,1.37,1.2,BILANCIATO,1.268,73.00469483568075,68.40375586854461,85.0,73.0,46
31,FPA,FONDO PENSIONE APERTO  VERA VITA,POPOLARE-MIX,BIL,1.3,1.25,BILANCIATO,1.27,72.95774647887323,68.36619718309859,85.0,72.9,47
40,FPA,PLURIFONDS IL FONDO PENSIONE DI ITAS VITA,SOLIDITAS,BIL,1.33,1.23,BILANCIATO,1.27,72.95774647887323,68.36619718309859,85.0,72.9,48
153,FPA,FONDO PENSIONE APERTO UBI PREVIDENZA,DINAMICO,BIL,1.33,1.26,BILANCIATO,1.288,72.53521126760563,68.02816901408451,85.0,72.6,49
50,FPA,EURORISPARMIO PREVIDENZA COMPLEMENTARE FONDO PENSIONE APERTO,BILANCIATO,BIL,1.37,1.25,BILANCIATO,1.298,72.30046948356807,67.84037558685446,85.0,72.4,50
26,FPA,ARCA PREVIDENZA FONDO PENSIONE APERTO,RENDITA SOSTENIBILE,BIL,1.36,1.27,BILANCIATO,1.306,72.11267605633802,67.69014084507042,85.0,72.3,51
53,FPA,FONDO PENSIONE APERTO AUREO,BILANCIATO ESG,BIL,1.35,1.27,BILANCIATO,1.302,72.20657276995306,67.76525821596245,85.0,72.3,52
18,FPA,DESTINAZIONE FUTURO – FONDO PENSIONE APERTO BY CREDEMVITA,BILANCIATO,BIL,1.4,1.28,BILANCIATO,1.3279999999999998,71.59624413145539,67.27699530516432,85.0,71.9,53
17,FPA,FONDO PENSIONE APERTO TESEO,BILANCIATA ETICA,BIL,1.36,1.32,BILANCIATO,1.336,71.40845070422534,67.12676056338029,85.0,71.7,54
57,FPA,FONDO PENSIONE APERTO CREDIT AGRICOLE VITA,LINEA MODERATA,BIL,1.42,1.29,BILANCIATO,1.342,71.26760563380282,67.01408450704226,85.0,71.6,55
5025,PIP,TAXBENEFIT NEW - PIANO INDIVIDUALE PENSIONISTICO DI TIPO ASSICURATIVO - FONDO PENSIONE,CHALLENGE PROVIDENT FUND 5,BIL,1.43,1.31,BILANCIATO,1.358,70.89201877934272,66.71361502347418,85.0,71.3,56
26,FPA,ARCA PREVIDENZA FONDO PENSIONE APERTO,CRESCITA SOSTENIBILE,BIL,1.42,1.33,BILANCIATO,1.366,70.70422535211267,66.56338028169014,85.0,71.2,57
5101,PIP,PIANO PENSIONE MONEYFARM - PIANO INDIVIDUALE PENSIONISTICO DI TIPO ASSICURATIVO - FONDO PENSIONE,MFM LINEA AZIONARIA,BIL,1.42,1.37,BILANCIATO,1.3900000000000001,70.14084507042253,66.11267605633802,85.0,70.8,58
5101,PIP,PIANO PENSIONE MONEYFARM - PIANO INDIVIDUALE PENSIONISTICO DI TIPO ASSICURATIVO - FONDO PENSIONE,MFM LINEA BILANCIATA,BIL,1.42,1.37,BILANCIATO,1.3900000000000001,70.14084507042253,66.11267605633802,85.0,70.8,59
5101,PIP,PIANO PENSIONE MONEYFARM - PIANO INDIVIDUALE PENSIONISTICO DI TIPO ASSICURATIVO - FONDO PENSIONE,MFM LINEA FUTURO,BIL,1.42,1.37,BILANCIATO,1.3900000000000001,70.14084507042253,66.11267605633802,85.0,70.8,60
5101,PIP,PIANO PENSIONE MONEYFARM - PIANO INDIVIDUALE PENSIONISTICO DI TIPO ASSICURATIVO - FONDO PENSIONE,MFM LINEA MODERATA,BIL,1.42,1.37,BILANCIATO,1.3900000000000001,70.14084507042253,66.11267605633802,85.0,70.8,61
5101,PIP,PIANO PENSIONE MONEYFARM - PIANO INDIVIDUALE PENSIONISTICO DI TIPO ASSICURATIVO - FONDO PENSIONE,MFM LINEA ORIZZONTE,BIL,1.42,1.37,BILANCIATO,1.3900000000000001,70.14084507042253,66.11267605633802,85.0,70.8,62
5101,PIP,PIANO PENSIONE MONEYFARM - PIANO INDIVIDUALE PENSIONISTICO DI TIPO ASSICURATIVO - FONDO PENSIONE,MFM LINEA PRUDENTE,BIL,1.42,1.37,BILANCIATO,1.3900000000000001,70.14084507042253,66.11267605633802,85.0,70.8,63
33,FPA,UNICREDIT - FONDO PENSIONE APERTO A CONTRIBUZIONE DEFINITA,SERENA - BILANCIATA,BIL,1.47,1.4,BILANCIATO,1.428,69.24882629107981,65.39906103286384,85.0,70.1,64
84,FPA,FONDO PENSIONE APERTO IL MIO DOMANI,LINEA MEDIO TERMINE,BIL,1.6,1.31,BILANCIATO,1.4260000000000002,69.29577464788733,65.43661971830986,85.0,70.1,65
84,FPA,FONDO PENSIONE APERTO IL MIO DOMANI,LINEA MEDIO TERMINE ESG,BIL,1.6,1.31,BILANCIATO,1.4260000000000002,69.29577464788733,65.43661971830986,85.0,70.1,66
155,FPA,FONDO PENSIONE APERTO SOLUZIONE PREVIDENTE,LINEA 2 PRUDENTE,BIL,1.49,1.38,BILANCIATO,1.424,69.34272300469483,65.47417840375587,85.0,70.1,67
22,FPA,FONDO PENSIONE APERTO  VITTORIA FORMULA LAVORO,PREVIDENZA EQUILIBRATA,BIL,1.56,1.37,BILANCIATO,1.4460000000000002,68.82629107981221,65.06103286384976,85.0,69.7,68
78,FPA,PROGRAMMA OPEN FONDO PENSIONE APERTO,BILANCIATO ETICO,BIL,1.58,1.36,BILANCIATO,1.4480000000000002,68.77934272300469,65.02347417840375,85.0,69.7,69
149,FPA,RAIFFEISEN FONDO PENSIONE APERTO,DYNAMIC,BIL,1.51,1.42,BILANCIATO,1.456,68.59154929577466,64.87323943661973,85.0,69.6,70
8,FPA,GENERALI GLOBAL - FONDO PENSIONE APERTO A CONTRIBUZIONE DEFINITA,MULTIASSET,BIL,1.55,1.4,BILANCIATO,1.46,68.49765258215962,64.7981220657277,85.0,69.5,71
63,FPA,ARTI E MESTIERI FONDO PENSIONE APERTO,RIVALUTAZIONE 10+,BIL,1.53,1.43,BILANCIATO,1.4700000000000002,68.26291079812206,64.61032863849766,85.0,69.3,72
30,FPA,FONDO PENSIONE APERTO UNIPOL PREVIDENZA FPA,BILANCIATO DINAMICO,BIL,1.57,1.41,BILANCIATO,1.4740000000000002,68.16901408450704,64.53521126760563,85.0,69.2,73
111,FPA,AZIONE DI PREVIDENZA - FONDO PENSIONE APERTO,EQUILIBRATA,BIL,1.57,1.44,BILANCIATO,1.492,67.74647887323944,64.19718309859155,85.0,68.9,74
5094,PIP,ORIZZONTE PREVIDENZA - PIANO INDIVIDUALE PENSIONISTICO DI TIPO ASSICURATIVO - FONDO PENSIONE,FORMULA SERENA,BIL,1.53,1.5,BILANCIATO,1.512,67.27699530516432,63.821596244131456,85.0,68.6,75
153,FPA,FONDO PENSIONE APERTO UBI PREVIDENZA,AGGRESSIVO,BIL,1.58,1.51,BILANCIATO,1.538,66.66666666666667,63.33333333333334,85.0,68.1,76
39,FPA,ZED OMNIFUND - FONDO PENSIONE APERTO,BILANCIATA 30,BIL,1.67,1.46,BILANCIATO,1.544,66.52582159624413,63.220657276995304,85.0,68.0,77
26,FPA,ARCA PREVIDENZA FONDO PENSIONE APERTO,ALTA CRESCITA SOSTENIBILE,BIL,1.61,1.52,BILANCIATO,1.556,66.24413145539906,62.99530516431925,85.0,67.8,78
5079,PIP,HELVETIA AEQUA PIANO INDIVIDUALE PENSIONISTICO DI TIPO ASSICURATIVO - FONDO PENSIO,HELVETIA MULTIMANAGER FLESSIBILE,BIL,1.56,1.56,BILANCIATO,1.56,66.15023474178403,62.92018779342723,85.0,67.7,79
63,FPA,ARTI E MESTIERI FONDO PENSIONE APERTO,COMPARTO SVILUPPO 15+,BIL,1.63,1.53,BILANCIATO,1.5699999999999998,65.91549295774648,62.732394366197184,85.0,67.5,80
5,FPA,PREVIDENZA PER TE - FONDO PENSIONE APERTO,MISTA,BIL,1.67,1.51,BILANCIATO,1.5739999999999998,65.82159624413146,62.65727699530517,85.0,67.4,81
120,FPA,FONDO PENSIONE APERTO BIM VITA,BILANCIATA  GLOBALE,BIL,1.6,1.56,BILANCIATO,1.576,65.77464788732394,62.61971830985915,85.0,67.4,82
160,FPA,BAP PENSIONE 2007 FONDO PENSIONE APERTO,EQUILIBRIO,BIL,1.6,1.56,BILANCIATO,1.576,65.77464788732394,62.61971830985915,85.0,67.4,83
7,FPA,FONDO PENSIONE FIDEURAM - FONDO PENSIONE APERTO,EQUILIBRIO,BIL,1.72,1.55,BILANCIATO,1.6179999999999999,64.78873239436619,61.83098591549296,85.0,66.6,84
84,FPA,FONDO PENSIONE APERTO IL MIO DOMANI,LINEA LUNGO TERMINE,BIL,1.8,1.51,BILANCIATO,1.626,64.60093896713616,61.68075117370893,85.0,66.5,85
5083,PIP,IL MIO FUTURO - PIANO INDIVIDUALE PENSIONISTICO DI TIPO ASSICURATIVO - FONDO PENSIONE,MEDIO TERMINE,BIL,1.81,1.51,BILANCIATO,1.63,64.50704225352112,61.6056338028169,85.0,66.4,86
5102,PIP,GENERAZIONE PREVIDENTE - PIANO INDIVIDUALE PENSIONISTICO DI TIPO ASSICURATIVO - FONDO PENSIONE,GLOBAL MULTI ASSET,BIL,2.08,1.33,BILANCIATO,1.6300000000000001,64.50704225352112,61.6056338028169,85.0,66.4,87
155,FPA,FONDO PENSIONE APERTO SOLUZIONE PREVIDENTE,LINEA 3 EQUILIBRATA,BIL,1.7,1.59,BILANCIATO,1.634,64.41314553990611,61.530516431924895,85.0,66.3,88
5053,PIP,FEELGOOD - PIANO INDIVIDUALE PENSIONISTICO DI TIPO ASSICURATIVO - FONDO PENSIONE,ITALIANA LINEA EQUILIBRIO,BIL,1.79,1.59,BILANCIATO,1.67,63.568075117370896,60.85446009389672,85.0,65.7,89
4,FPA,ALLIANZ PREVIDENZA  FONDO PENSIONE APERTO A CONTRIBUZIONE DEFINITA,LINEA MULTIASSET,BIL,1.8,1.61,BILANCIATO,1.686,63.1924882629108,60.55399061032864,85.0,65.4,90
5024,PIP,ELIOS PREVIDENZA 2007 - PIANO INDIVIDUALE PENSIONISTICO DI TIPO ASSICURATIVO - FONDO PENSIONE,FONDO ARMONICO  2007,BIL,1.84,1.58,BILANCIATO,1.6840000000000002,63.239436619718305,60.59154929577465,85.0,65.4,91
5024,PIP,ELIOS PREVIDENZA 2007 - PIANO INDIVIDUALE PENSIONISTICO DI TIPO ASSICURATIVO - FONDO PENSIONE,FONDO ATTIVO  2007,BIL,1.84,1.58,BILANCIATO,1.6840000000000002,63.239436619718305,60.59154929577465,85.0,65.4,92
5091,PIP,MIA PENSIONE - PIANO INDIVIDUALE PENSIONISTICO DI TIPO ASSICURATIVO - FONDO PENSIONE,PREVIDENZA ASSOLUTO,BIL,1.94,1.52,BILANCIATO,1.688,63.145539906103295,60.51643192488264,85.0,65.4,93
92,FPA,AZIMUT PREVIDENZA - FONDO PENSIONE APERTO,EQUILIBRATO,BIL,1.82,1.62,BILANCIATO,1.7000000000000002,62.863849765258216,60.291079812206576,85.0,65.2,94
171,FPA,AZIMUT SUSTAINABLE FUTURE -FONDO PENSIONE APERTO,BILANCIATO,BIL,1.82,1.62,BILANCIATO,1.7000000000000002,62.863849765258216,60.291079812206576,85.0,65.2,95
5069,PIP,AXA PROGETTO PENSIONE PIU' - PIANO INDIVIDUALE PENSIONISTICO DI TIPO ASSICURATIVO - FONDO PENSIONE,AXA PREVIDENZA ASSOLUTO,BIL,1.98,1.55,BILANCIATO,1.722,62.347417840375584,59.87793427230047,85.0,64.8,96
5059,PIP,PIANO INDIVIDUALE PENSIONISTICO DI TIPO ASSICURATIVO  - FONDO PENSIONE GUARDO AVANTI NEW,CATTOLICA PREVIDENZA BILANCIATO,BIL,1.89,1.64,BILANCIATO,1.7399999999999998,61.924882629107984,59.53990610328639,85.0,64.4,97
5060,PIP,PIANO INDIVIDUALE PENSIONISTICO DI TIPO ASSICURATIVO - FONDO PENSIONE - PUNTALTO,CATTOLICA PREVIDENZA BILANCIATO,BIL,1.96,1.66,BILANCIATO,1.7799999999999998,60.98591549295775,58.78873239436621,85.0,63.7,98
5051,PIP,AVIVA VITA - PRO FUTURO - PIANO INDIVIDUALE PENSIONISTICO DI TIPO ASSICURATIVO - FONDO PENSIONE,AVIVA-UBI 2,BIL,1.96,1.69,BILANCIATO,1.798,60.56338028169014,58.45070422535211,85.0,63.4,99
34,FPA,FONDO PENSIONE APERTO PREVIGEST FUND MEDIOLANUM,BILANCIATO,BIL,1.89,1.78,BILANCIATO,1.824,59.95305164319249,57.96244131455399,85.0,62.9,100
5001,PIP,CBA PREVIDENZA - PIANO INDIVIDUALE PENSIONISTICO DI TIPO ASSICURATIVO - FONDO PENSIONE,CBA ORIZZONTE 30,BIL,1.88,1.84,BILANCIATO,1.856,59.201877934272304,57.36150234741785,85.0,62.3,101
5052,PIP,CENTO STELLE REALE - PIANO INDIVIDUALE PENSIONISTICO DI TIPO ASSICURATIVO - FONDO PENSIONE,REALE LINEA EQUILIBRIO,BIL,2.0,1.79,BILANCIATO,1.874,58.779342723004696,57.02347417840376,85.0,62.0,102
5027,PIP,CNP TOP PENSION - PIANO INDIVIDUALE PENSIONISTICO DI TIPO ASSICURATIVO - FONDO PENSIONE,CNP PIP FLESSIBILE,BIL,2.08,1.8,BILANCIATO,1.9120000000000001,57.88732394366197,56.309859154929576,85.0,61.3,103
5108,PIP,PENSIONE REALE CLASSIC - PIANO INDIVIDUALE PENSIONISTICO DI TIPO ASSICURATIVO - FONDO PENSIONE,REALE LINEA EQUILIBRIO,BIL,2.1,1.8,BILANCIATO,1.9200000000000002,57.69953051643193,56.15962441314554,85.0,61.2,104
5056,PIP,PIANO INDIVIDUALE PENSIONISTICO DI TIPO ASSICURATIVO - FONDO PENSIONE PREVINEXT,PREVINEXT BALANCED,BIL,2.03,1.85,BILANCIATO,1.9220000000000002,57.65258215962441,56.12206572769953,85.0,61.1,105
5081,PIP,PIANO INDIVIDUALE PENSIONISTICO VITTORIA - PIANO INDIVIDUALE PENSIONISTICO DI TIPO ASSICURATIVO - FONDO PENSIONE,FONDO VITTORIA PREVIDENZA FLESSIBILE,BIL,2.18,1.76,BILANCIATO,1.9280000000000002,57.51173708920188,56.009389671361504,85.0,61.0,106
5083,PIP,IL MIO FUTURO - PIANO INDIVIDUALE PENSIONISTICO DI TIPO ASSICURATIVO - FONDO PENSIONE,LUNGO TERMINE,BIL,2.12,1.81,BILANCIATO,1.9340000000000002,57.37089201877934,55.89671361502347,85.0,60.9,107
5006,PIP,ALLEATA PREVIDENZA - PIANO INDIVIDUALE PENSIONISTICO DI TIPO ASSICURATIVO - FONDO PENSIONE,ALLEATA BILANCIATA,BIL,2.22,1.79,BILANCIATO,1.9620000000000002,56.713615023474176,55.370892018779344,85.0,60.4,108
5057,PIP,PIANO INDIVIDUALE PENSIONISTICO DI TIPO ASSICURATIVO - FONDO PENSIONE PREVINEXT PLATINUM,PREVINEXT BALANCED,BIL,2.11,1.87,BILANCIATO,1.9660000000000002,56.619718309859145,55.29577464788732,85.0,60.3,109
5051,PIP,AVIVA VITA - PRO FUTURO - PIANO INDIVIDUALE PENSIONISTICO DI TIPO ASSICURATIVO - FONDO PENSIONE,AVIVA-UBI 3,BIL,2.16,1.89,BILANCIATO,1.998,55.86854460093897,54.694835680751176,85.0,59.8,110
171,FPA,AZIMUT SUSTAINABLE FUTURE -FONDO PENSIONE APERTO,BILANCIATO ACCRESCITIVO,BIL,2.13,1.93,BILANCIATO,2.01,55.5868544600939,54.46948356807513,85.0,59.6,111
5094,PIP,ORIZZONTE PREVIDENZA - PIANO INDIVIDUALE PENSIONISTICO DI TIPO ASSICURATIVO - FONDO PENSIONE,FORMULA MODERATA,BIL,2.03,2.0,BILANCIATO,2.012,55.539906103286384,54.43192488262911,85.0,59.5,112
5098,PIP,CREDEMVITA FUTURA - PIANO INDIVIDUALE PENSIONISTICO DI TIPO ASSICURATIVO - FONDO PENSIONE,FLESSIBILE,BIL,2.18,1.9,BILANCIATO,2.012,55.539906103286384,54.43192488262911,85.0,59.5,113
5036,PIP,PIANO INDIVIDUALE PENSIONISTICO DI TIPO ASSICURATIVO - PROGRESSIVE PENSION PLAN - PROGRAMMA DINAMICO - FONDO PENSIONE,MEDIUM,BIL,2.13,1.94,BILANCIATO,2.016,55.44600938967136,54.35680751173709,85.0,59.4,114
5027,PIP,CNP TOP PENSION - PIANO INDIVIDUALE PENSIONISTICO DI TIPO ASSICURATIVO - FONDO PENSIONE,CNP PIP BILANCIATO,BIL,2.23,1.95,BILANCIATO,2.062,54.36619718309859,53.49295774647888,85.0,58.6,115
5103,PIP,ATHORA FUTURO PREVIDENZA - PIANO INDIVIDUALE PENSIONISTICO DI TIPO ASSICURATIVO - FONDO PENSIONE,ATHORA FUTURO FLESSIBILE,BIL,2.28,1.93,BILANCIATO,2.07,54.17840375586855,53.34272300469485,85.0,58.5,116
5001,PIP,CBA PREVIDENZA - PIANO INDIVIDUALE PENSIONISTICO DI TIPO ASSICURATIVO - FONDO PENSIONE,CBA ORIZZONTE 60,BIL,2.11,2.07,BILANCIATO,2.086,53.80281690140845,53.04225352112676,85.0,58.2,117
5102,PIP,GENERAZIONE PREVIDENTE - PIANO INDIVIDUALE PENSIONISTICO DI TIPO ASSICURATIVO - FONDO PENSIONE,GENERALI OBIETTIVO PROTEZIONE,BIL,2.55,1.8,BILANCIATO,2.1,53.474178403755865,52.779342723004696,85.0,57.9,118
5110,PIP,PREVIDENZA ITALIANA - PIANO INDIVIDUALE PENSIONISTICO DI TIPO ASSICURATIVO - FONDO PENSIONE,ITALIANA LINEA EQUILIBRIO,BIL,2.41,1.9,BILANCIATO,2.104,53.38028169014084,52.70422535211267,85.0,57.9,119
5097,PIP,CNP VALORE INTEGRATIVO - PIANO INDIVIDUALE PENSIONISTICO DI TIPO ASSICURATIVO - FONDO PENSIONE,CNP PIP FLESSIBILE,BIL,2.46,1.91,BILANCIATO,2.13,52.76995305164319,52.21596244131456,85.0,57.4,120
5019,PIP,PROGRAMMA PENSIONE - PIANO INDIVIDUALE PENSIONISTICO DI TIPO ASSICURATIVO - FONDO PENSIONE,ZURICH PENSION ESG FLEX 4,BIL,2.39,1.99,BILANCIATO,2.15,52.30046948356807,51.840375586854464,85.0,57.0,121
5098,PIP,CREDEMVITA FUTURA - PIANO INDIVIDUALE PENSIONISTICO DI TIPO ASSICURATIVO - FONDO PENSIONE,BILANCIATO,BIL,2.33,2.05,BILANCIATO,2.162,52.01877934272301,51.61502347417841,85.0,56.8,122
5107,PIP,ZURICH SPAZIO PREVIDENZA -PIANO INDIVIDUALE PENSIONISTICO DI TIPO ASSICURATIVO - FONDO PENSIONE,ZURICH PENSION ESG FLEX 4,BIL,2.4,2.0,BILANCIATO,2.16,52.06572769953051,51.652582159624416,85.0,56.8,123
5037,PIP,PIP PROGETTO PENSIONE - PIANO INDIVIDUALE PENSIONISTICO DI TIPO ASSICURATIVO - FONDO PENSIONE,STRATEGIA 30,BIL,2.41,2.04,BILANCIATO,2.188,51.408450704225345,51.12676056338028,85.0,56.3,124
5093,PIP,CRÉDIT AGRICOLE VITA PROGETTO PREVIDENZA - PIANO INDIVIDUALE PENSIONISTICO DI TIPO ASSICURATIVO - FONDO PENSIONE,PROGETTO PREVIDENZA 2035,BIL,2.35,2.16,BILANCIATO,2.236,50.281690140845065,50.225352112676056,85.0,55.5,125
5093,PIP,CRÉDIT AGRICOLE VITA PROGETTO PREVIDENZA - PIANO INDIVIDUALE PENSIONISTICO DI TIPO ASSICURATIVO - FONDO PENSIONE,PROGETTO PREVIDENZA 2040,BIL,2.35,2.16,BILANCIATO,2.236,50.281690140845065,50.225352112676056,85.0,55.5,126
5093,PIP,CRÉDIT AGRICOLE VITA PROGETTO PREVIDENZA - PIANO INDIVIDUALE PENSIONISTICO DI TIPO ASSICURATIVO - FONDO PENSIONE,PROGETTO PREVIDENZA 2045,BIL,2.35,2.16,BILANCIATO,2.236,50.281690140845065,50.225352112676056,85.0,55.5,127
5093,PIP,CRÉDIT AGRICOLE VITA PROGETTO PREVIDENZA - PIANO INDIVIDUALE PENSIONISTICO DI TIPO ASSICURATIVO - FONDO PENSIONE,PROGETTO PREVIDENZA 2025,BIL,2.35,2.16,BILANCIATO,2.236,50.281690140845065,50.225352112676056,85.0,55.5,128
5093,PIP,CRÉDIT AGRICOLE VITA PROGETTO PREVIDENZA - PIANO INDIVIDUALE PENSIONISTICO DI TIPO ASSICURATIVO - FONDO PENSIONE,PROGETTO PREVIDENZA 2030,BIL,2.35,2.16,BILANCIATO,2.236,50.281690140845065,50.225352112676056,85.0,55.5,129
5097,PIP,CNP VALORE INTEGRATIVO - PIANO INDIVIDUALE PENSIONISTICO DI TIPO ASSICURATIVO - FONDO PENSIONE,CNP PIP BILANCIATO,BIL,2.61,2.06,BILANCIATO,2.2800000000000002,49.24882629107981,49.39906103286385,85.0,54.7,130
5109,PIP,PENSIONE REALE PREMIUM - PIANO INDIVIDUALE PENSIONISTICO DI TIPO ASSICURATIVO - FONDO PENSIONE,REALE LINEA EQUILIBRIO,BIL,2.71,1.99,BILANCIATO,2.278,49.29577464788733,49.43661971830986,85.0,54.7,131
5094,PIP,ORIZZONTE PREVIDENZA - PIANO INDIVIDUALE PENSIONISTICO DI TIPO ASSICURATIVO - FONDO PENSIONE,BILANCIATO,BIL,2.33,2.3,BILANCIATO,2.312,48.497652582159624,48.7981220657277,85.0,54.1,132
5094,PIP,ORIZZONTE PREVIDENZA - PIANO INDIVIDUALE PENSIONISTICO DI TIPO ASSICURATIVO - FONDO PENSIONE,FORMULA EQUILIBRATA,BIL,2.33,2.3,BILANCIATO,2.312,48.497652582159624,48.7981220657277,85.0,54.1,133
5102,PIP,GENERAZIONE PREVIDENTE - PIANO INDIVIDUALE PENSIONISTICO DI TIPO ASSICURATIVO - FONDO PENSIONE,GENERALI SCELTA SOSTENIBILE,BIL,2.76,2.01,BILANCIATO,2.3099999999999996,48.54460093896714,48.83568075117372,85.0,54.1,134
5010,PIP,AXA MPS PREVIDENZA ATTIVA - PIANO INDIVIDUALE PENSIONISTICO DI TIPO ASSICURATIVO - FONDO PENSIONE,MPV PREVIDENZA EQUILIBRATO,BIL,2.48,2.24,BILANCIATO,2.3360000000000003,47.93427230046947,48.34741784037558,85.0,53.7,135
5025,PIP,TAXBENEFIT NEW - PIANO INDIVIDUALE PENSIONISTICO DI TIPO ASSICURATIVO - FONDO PENSIONE,CHALLENGE PROVIDENT FUND 2,BIL,2.49,2.35,BILANCIATO,2.406,46.29107981220657,47.032863849765256,85.0,52.4,136
5107,PIP,ZURICH SPAZIO PREVIDENZA -PIANO INDIVIDUALE PENSIONISTICO DI TIPO ASSICURATIVO - FONDO PENSIONE,ZURICH PENSION ESG FLEX 8,BIL,2.7,2.31,BILANCIATO,2.466,44.88262910798121,45.90610328638497,85.0,51.3,137
5011,PIP,AXA MPS PREVIDENZA PERSONALE - PIANO INDIVIDUALE PENSIONISTICO DI TIPO ASSICURATIVO - FONDO PENSIONE,MPV PREVIDENZA EQUILIBRATO,BIL,2.71,2.31,BILANCIATO,2.4699999999999998,44.7887323943662,45.83098591549296,85.0,51.2,138
5037,PIP,PIP PROGETTO PENSIONE - PIANO INDIVIDUALE PENSIONISTICO DI TIPO ASSICURATIVO - FONDO PENSIONE,STRATEGIA 40,BIL,2.71,2.34,BILANCIATO,2.488,44.366197183098585,45.49295774647887,85.0,50.9,139
5094,PIP,ORIZZONTE PREVIDENZA - PIANO INDIVIDUALE PENSIONISTICO DI TIPO ASSICURATIVO - FONDO PENSIONE,FORMULA ATTIVA,BIL,2.53,2.5,BILANCIATO,2.512,43.80281690140845,45.04225352112676,85.0,50.5,140
5019,PIP,PROGRAMMA PENSIONE - PIANO INDIVIDUALE PENSIONISTICO DI TIPO ASSICURATIVO - FONDO PENSIONE,ZURICH PENSION ESG FLEX 8,BIL,2.85,2.46,BILANCIATO,2.616,41.36150234741783,43.089201877934265,85.0,48.6,141
5055,PIP,SENIORVITA VALORE FUTURO - PIANO INDIVIDUALE PENSIONISTICO DI TIPO ASSICURATIVO - FONDO PENSIONE,PROGETTO MEDIUM,BIL,2.9,2.46,BILANCIATO,2.636,40.89201877934271,42.71361502347417,85.0,48.2,142
5088,PIP,VERA VITA PENSIONE SICURA - PIANO INDIVIDUALE PENSIONISTICO DI TIPO ASSICURATIVO - FONDO PENSIONE,POPOLARE VITA BILANCIATO GLOBAL,BIL,2.89,2.53,BILANCIATO,2.674,40.0,42.0,85.0,47.6,143
136,FPN,FONDO PENSIONE PREVEDI,SICUREZZA,GAR,0.25,0.23,GARANTITO,0.23800000000000002,100.0,90.0,85.0,93.8,1
106,FPN,FONDO PENSIONE ARCO,GARANTITO,GAR,0.42,0.28,GARANTITO,0.336,97.1866028708134,87.74928229665073,85.0,91.6,2
157,FPN,FONDO PENSIONE AGRIFONDO,GARANTITO,GAR,0.45,0.33,GARANTITO,0.378,95.98086124401914,86.78468899521532,85.0,90.7,3
143,FPN,FONDO PENSIONE FONDOPOSTE,GARANTITO,GAR,0.41,0.38,GARANTITO,0.392,95.57894736842105,86.46315789473685,85.0,90.3,4
145,FPN,FONDO PENSIONE FONDO SCUOLA ESPERO,GARANZIA,GAR,0.47,0.37,GARANTITO,0.41000000000000003,95.0622009569378,86.04976076555025,85.0,89.9,5
103,FPN,FONDO PENSIONE TELEMACO,GARANTITO,GAR,0.5,0.39,GARANTITO,0.434,94.37320574162679,85.49856459330144,85.0,89.4,6
126,FPN,FONDO PENSIONE MEDIAFOND,COMPARTO GARANTITO,GAR,0.59,0.46,GARANTITO,0.512,92.13397129186603,83.70717703349283,85.0,87.7,7
122,FPN,FONDO PENSIONE CONCRETO,GARANTITO,GAR,0.61,0.46,GARANTITO,0.52,91.90430622009569,83.52344497607656,85.0,87.5,8
93,FPN,FONDO PENSIONE LABORFONDS,LINEA GARANTITA,GAR,0.58,0.52,GARANTITO,0.544,91.2153110047847,82.97224880382775,85.0,87.0,9
164,FPN,FONDO PERSEO SIRIO,GARANTITO,GAR,0.6,0.53,GARANTITO,0.558,90.8133971291866,82.65071770334929,85.0,86.7,10
129,FPN,FONDO PENSIONE EUROFER,GARANTITO,GAR,0.61,0.54,GARANTITO,0.5680000000000001,90.52631578947368,82.42105263157895,85.0,86.5,11
2,FPN,FONDO PENSIONE FONDENERGIA,GARANTITO,GAR,0.6,0.56,GARANTITO,0.5760000000000001,90.29665071770334,82.23732057416268,85.0,86.3,12
148,FPN,ASTRI - FONDO PENSIONE,GARANTITO,GAR,0.64,0.54,GARANTITO,0.5800000000000001,90.18181818181819,82.14545454545456,85.0,86.2,13
142,FPN,FONDO PENSIONE FONDEMAIN,GARANTITO - Lavoratori autonomi,GAR,0.65,0.55,GARANTITO,0.5900000000000001,89.89473684210526,81.91578947368421,85.0,86.0,14
142,FPN,FONDO PENSIONE FONDEMAIN,GARANTITO - Lavoratori dipendenti,GAR,0.65,0.55,GARANTITO,0.5900000000000001,89.89473684210526,81.91578947368421,85.0,86.0,15
139,FPN,FONDO PENSIONE PRIAMO,GARANTITO PROTEZIONE,GAR,0.67,0.55,GARANTITO,0.5980000000000001,89.66507177033493,81.73205741626795,85.0,85.8,16
53,FPA,FONDO PENSIONE APERTO AUREO,GARANTITO  ESG,GAR,0.65,0.57,GARANTITO,0.602,89.55023923444976,81.64019138755981,85.0,85.7,17
1,FPN,FONDO PENSIONE FONCHIM,GARANTITO,GAR,0.69,0.57,GARANTITO,0.6179999999999999,89.0909090909091,81.27272727272728,85.0,85.4,18
99,FPN,FONDO PENSIONE FOPEN,OBBLIGAZIONARIO GARANTITO,GAR,0.67,0.58,GARANTITO,0.616,89.14832535885168,81.31866028708134,85.0,85.4,19
116,FPN,FONDO PENSIONE FONDAPI,GARANZIA,GAR,0.69,0.57,GARANTITO,0.6179999999999999,89.0909090909091,81.27272727272728,85.0,85.4,20
170,FPN,PREVIDENZA COOPERATIVA,SICURO,GAR,0.67,0.6,GARANTITO,0.628,88.80382775119617,81.04306220095694,85.0,85.1,21
87,FPN,SOLIDARIETA' VENETO - FONDO PENSIONE,GARANTITO  - Lavoratori dipendenti,GAR,0.7,0.6,GARANTITO,0.6399999999999999,88.45933014354067,80.76746411483253,85.0,84.9,22
89,FPN,FONDO PENSIONE ALIFOND,GARANTITO,GAR,0.71,0.59,GARANTITO,0.6379999999999999,88.51674641148325,80.81339712918661,85.0,84.9,23
118,FPA,INSIEME - FONDO PENSIONE APERTO A CONTRIBUZIONE DEFINITA,LINEA FLESSIBILE,GAR,0.68,0.61,GARANTITO,0.638,88.51674641148325,80.81339712918661,85.0,84.9,24
127,FPN,PREVAER - FONDO PENSIONE,LINEA GARANTITA,GAR,0.72,0.59,GARANTITO,0.6419999999999999,88.4019138755981,80.72153110047849,85.0,84.8,25
61,FPN,FONDO PENSIONE COMETA,SICUREZZA,GAR,0.7,0.63,GARANTITO,0.6579999999999999,87.94258373205741,80.35406698564593,85.0,84.5,26
63,FPA,ARTI E MESTIERI FONDO PENSIONE APERTO,GARANZIA 1+,GAR,0.73,0.63,GARANTITO,0.6699999999999999,87.59808612440192,80.07846889952154,85.0,84.2,27
88,FPN,FONDO PENSIONE PREVIAMBIENTE,GARANTITO,GAR,0.76,0.64,GARANTITO,0.6880000000000001,87.08133971291866,79.66507177033493,85.0,83.8,28
17,FPA,FONDO PENSIONE APERTO TESEO,GARANTITA ETICA,GAR,0.71,0.67,GARANTITO,0.6859999999999999,87.13875598086125,79.711004784689,85.0,83.8,29
124,FPN,FONDO PENSIONE BYBLOS,GARANTITO,GAR,0.77,0.64,GARANTITO,0.6920000000000001,86.96650717703349,79.5732057416268,85.0,83.7,30
123,FPN,FONDO PENSIONE FON.TE.,CONSERVATIVO,GAR,0.78,0.64,GARANTITO,0.6960000000000001,86.85167464114832,79.48133971291865,85.0,83.6,31
50,FPA,EURORISPARMIO PREVIDENZA COMPLEMENTARE FONDO PENSIONE APERTO,OBBLIGAZIONARIO GARANTITO,GAR,0.77,0.65,GARANTITO,0.6980000000000001,86.79425837320574,79.43540669856459,85.0,83.6,32
87,FPN,SOLIDARIETA' VENETO - FONDO PENSIONE,GARANTITO  - Lavoratori autonomi,GAR,0.82,0.63,GARANTITO,0.706,86.56459330143541,79.25167464114833,85.0,83.4,33
3,FPN,FONDO PENSIONE QUADRI E CAPI FIAT,STABILITA',GAR,0.83,0.69,GARANTITO,0.746,85.41626794258373,78.33301435406699,85.0,82.5,34
100,FPN,FONDO PENSIONE PEGASO,GARANTITO,GAR,0.81,0.71,GARANTITO,0.75,85.30143540669857,78.24114832535886,85.0,82.4,35
125,FPN,FONDO PENSIONE FONDO GOMMA PLASTICA,CONSERVATIVO CON GARANZIA,GAR,0.84,0.71,GARANTITO,0.762,84.95693779904306,77.96555023923445,85.0,82.2,36
153,FPA,FONDO PENSIONE APERTO UBI PREVIDENZA,CAPITALE SICURO,GAR,0.81,0.73,GARANTITO,0.762,84.95693779904306,77.96555023923445,85.0,82.2,37
63,FPA,ARTI E MESTIERI FONDO PENSIONE APERTO,INCREMENTO E GARANZIA 5+,GAR,0.83,0.73,GARANTITO,0.77,84.72727272727273,77.7818181818182,85.0,82.0,38
70,FPA,FONDO PENSIONE APERTO GIUSTINIANO,TFR+,GAR,0.85,0.73,GARANTITO,0.778,84.49760765550239,77.59808612440192,85.0,81.8,39
117,FPN,FONDO PENSIONE PREVIMODA,GARANTITO,GAR,0.86,0.74,GARANTITO,0.788,84.21052631578948,77.36842105263159,85.0,81.6,40
111,FPA,AZIONE DI PREVIDENZA - FONDO PENSIONE APERTO,GARANTITA,GAR,0.86,0.74,GARANTITO,0.788,84.21052631578948,77.36842105263159,85.0,81.6,41
65,FPA,SECONDAPENSIONE FONDO PENSIONE APERTO,GARANTITA ESG,GAR,0.84,0.76,GARANTITO,0.792,84.09569377990431,77.27655502392345,85.0,81.5,42
167,FPN,FONDAEREO,GARANTITO  - Assistenti di volo,GAR,0.94,0.73,GARANTITO,0.8140000000000001,83.46411483253588,76.7712918660287,85.0,81.0,43
107,FPN,FONDO PENSIONE FONCER,GARANTITO,GAR,0.93,0.77,GARANTITO,0.8340000000000001,82.88995215311004,76.31196172248804,85.0,80.6,44
10,FPA,PREVID-SYSTEM - FONDO PENSIONE APERTO,TFR+,GAR,0.93,0.84,GARANTITO,0.8760000000000001,81.68421052631578,75.34736842105262,85.0,79.6,45
30,FPA,FONDO PENSIONE APERTO UNIPOL PREVIDENZA FPA,GARANTITO FLEX,GAR,1.0,0.83,GARANTITO,0.8979999999999999,81.05263157894737,74.8421052631579,85.0,79.2,46
169,FPA,CORE PENSION FONDO PENSIONE APERTO,GARANTITO ESG,GAR,0.98,0.87,GARANTITO,0.914,80.5933014354067,74.47464114832536,85.0,78.8,47
167,FPN,FONDAEREO,GARANTITO  - Piloti,GAR,1.15,0.77,GARANTITO,0.9219999999999999,80.36363636363637,74.2909090909091,85.0,78.6,48
37,FPA,FONDO PENSIONE APERTO ZURICH CONTRIBUTION,GARANTITA,GAR,0.97,0.9,GARANTITO,0.928,80.19138755980862,74.1531100478469,85.0,78.5,49
5049,PIP,PENSIONE GARANTITA - PIANO INDIVIDUALE PENSIONISTICO DI TIPO ASSICURATIVO - FONDO PENSIONE,FONDO VIP,GAR,1.25,0.92,GARANTITO,1.052,76.63157894736842,71.30526315789474,85.0,75.8,50
153,FPA,FONDO PENSIONE APERTO UBI PREVIDENZA,GARANTITO,GAR,1.12,1.04,GARANTITO,1.072,76.05741626794259,70.84593301435407,85.0,75.3,51
40,FPA,PLURIFONDS IL FONDO PENSIONE DI ITAS VITA,SECURITAS,GAR,1.17,1.07,GARANTITO,1.1099999999999999,74.96650717703349,69.9732057416268,85.0,74.5,52
155,FPA,FONDO PENSIONE APERTO SOLUZIONE PREVIDENTE,LINEA 1 GARANTITA,GAR,1.18,1.07,GARANTITO,1.1139999999999999,74.85167464114834,69.88133971291867,85.0,74.4,53
4,FPA,ALLIANZ PREVIDENZA  FONDO PENSIONE APERTO A CONTRIBUZIONE DEFINITA,LINEA FLESSIBILE,GAR,1.14,1.1,GARANTITO,1.116,74.79425837320574,69.83540669856458,85.0,74.3,54
7,FPA,FONDO PENSIONE FIDEURAM - FONDO PENSIONE APERTO,GARANZIA,GAR,1.22,1.05,GARANTITO,1.1179999999999999,74.73684210526316,69.78947368421053,85.0,74.3,55
22,FPA,FONDO PENSIONE APERTO  VITTORIA FORMULA LAVORO,PREVIDENZA GARANTITA,GAR,1.24,1.05,GARANTITO,1.126,74.50717703349284,69.60574162679427,85.0,74.1,56
33,FPA,UNICREDIT - FONDO PENSIONE APERTO A CONTRIBUZIONE DEFINITA,SICURA - OBBLIGAZIONARIA CON GARANZIA DI RENDIMENTO MINIMO,GAR,1.17,1.1,GARANTITO,1.1280000000000001,74.44976076555024,69.5598086124402,85.0,74.1,57
31,FPA,FONDO PENSIONE APERTO  VERA VITA,POPOLARE-BOND,GAR,1.2,1.15,GARANTITO,1.17,73.24401913875599,68.5952153110048,85.0,73.1,58
149,FPA,RAIFFEISEN FONDO PENSIONE APERTO,GUARANTY,GAR,1.25,1.16,GARANTITO,1.196,72.49760765550239,67.99808612440191,85.0,72.6,59
5079,PIP,HELVETIA AEQUA PIANO INDIVIDUALE PENSIONISTICO DI TIPO ASSICURATIVO - FONDO PENSIO,HV PREVIREND,GAR,1.2,1.2,GARANTITO,1.2,72.38277511961724,67.90622009569378,85.0,72.5,60
115,FPA,FONDO PENSIONE APERTO CNP,GARANZIA RESTITUZIONE CAPITALE,GAR,1.28,1.15,GARANTITO,1.202,72.32535885167465,67.86028708133972,85.0,72.4,61
5051,PIP,AVIVA VITA - PRO FUTURO - PIANO INDIVIDUALE PENSIONISTICO DI TIPO ASSICURATIVO - FONDO PENSIONE,AVIVA-UBI,GAR,1.37,1.1,GARANTITO,1.2080000000000002,72.1531100478469,67.72248803827752,85.0,72.3,62
31,FPA,FONDO PENSIONE APERTO  VERA VITA,POPOLARE-GEST,GAR,1.25,1.2,GARANTITO,1.22,71.8086124401914,67.44688995215313,85.0,72.0,63
5003,PIP,POSTAPREVIDENZA VALORE - PIANO INDIVIDUALE PENSIONISTICO DI TIPO ASSICURATIVO - FONDO PENSIONE,POSTA PENSIONE,GAR,1.45,1.07,GARANTITO,1.222,71.75119617224881,67.40095693779905,85.0,72.0,64
18,FPA,DESTINAZIONE FUTURO – FONDO PENSIONE APERTO BY CREDEMVITA,PRUDENTE GARANTITO,GAR,1.3,1.18,GARANTITO,1.228,71.57894736842105,67.26315789473685,85.0,71.9,65
84,FPA,FONDO PENSIONE APERTO IL MIO DOMANI,LINEA TFR,GAR,1.4,1.11,GARANTITO,1.226,71.63636363636364,67.30909090909091,85.0,71.9,66
5001,PIP,CBA PREVIDENZA - PIANO INDIVIDUALE PENSIONISTICO DI TIPO ASSICURATIVO - FONDO PENSIONE,CBA APPRODO,GAR,1.25,1.21,GARANTITO,1.226,71.63636363636364,67.30909090909091,85.0,71.9,67
78,FPA,PROGRAMMA OPEN FONDO PENSIONE APERTO,NUOVO OBBLIGAZIONARIO ETICO,GAR,1.38,1.16,GARANTITO,1.2479999999999998,71.00478468899523,66.8038277511962,85.0,71.4,68
160,FPA,BAP PENSIONE 2007 FONDO PENSIONE APERTO,TFR,GAR,1.29,1.25,GARANTITO,1.266,70.48803827751196,66.39043062200957,85.0,71.0,69
33,FPA,UNICREDIT - FONDO PENSIONE APERTO A CONTRIBUZIONE DEFINITA,TRANQUILLA - OBBLIGAZIONARIA MISTA CON GARANZIA DI RESTITUZIONE DEL CAPITALE,GAR,1.32,1.25,GARANTITO,1.278,70.14354066985646,66.11483253588517,85.0,70.8,70
5029,PIP,CRÉDIT AGRICOLE VITA PENSIONE PIU' - PIANO INDIVIDUALE PENSIONISTICO DI TIPO ASSICURATIVO - FONDO PENSIONE,CRÉDIT AGRICOLE VITA PREVIDENZA,GAR,1.4,1.21,GARANTITO,1.286,69.91387559808612,65.93110047846889,85.0,70.6,71
57,FPA,FONDO PENSIONE APERTO CREDIT AGRICOLE VITA,LINEA GARANTITA,GAR,1.37,1.24,GARANTITO,1.292,69.74162679425838,65.7933014354067,85.0,70.5,72
5105,PIP,PENSIONE INTEGRATIVA GENERTEL - PIANO INDIVIDUALE PENSIONISTICO DI TIPO ASSICURATIVO - FONDO PENSIONE,PREVIDENZA CONCRETA,GAR,1.3,1.3,GARANTITO,1.3,69.51196172248804,65.60956937799043,85.0,70.3,73
5066,PIP,NG - NUOVA GENERAZIONE - PIANO INDIVIDUALE PENSIONISTICO DI TIPO ASSICURATIVO - FONDO PENSIONE,PREVIATTIVA UNIPOL,GAR,1.55,1.15,GARANTITO,1.31,69.22488038277513,65.37990430622011,85.0,70.1,74
5007,PIP,PREVIDENZA HDI - PIANO INDIVIDUALE PENSIONISTICO DI TIPO ASSICURATIVO - FONDO PENSIONE,HDI FONDO PENSIONE,GAR,1.56,1.15,GARANTITO,1.314,69.11004784688996,65.28803827751196,85.0,70.0,75
5093,PIP,CRÉDIT AGRICOLE VITA PROGETTO PREVIDENZA - PIANO INDIVIDUALE PENSIONISTICO DI TIPO ASSICURATIVO - FONDO PENSIONE,CRÉDIT AGRICOLE VITA PREVIDENZA,GAR,1.45,1.26,GARANTITO,1.3359999999999999,68.47846889952154,64.78277511961724,85.0,69.5,76
5,FPA,PREVIDENZA PER TE - FONDO PENSIONE APERTO,GARANTITA,GAR,1.46,1.3,GARANTITO,1.3639999999999999,67.67464114832536,64.1397129186603,85.0,68.9,77
26,FPA,ARCA PREVIDENZA FONDO PENSIONE APERTO,OBIETTIVO TFR,GAR,1.42,1.33,GARANTITO,1.366,67.61722488038278,64.09377990430622,85.0,68.8,78
5077,PIP,PENSIONLINE - PIANO INDIVIDUALE PENSIONISTICO DI TIPO ASSICURATIVO - FONDO PENSIONE,RI.ALTO PREVIDENZA,GAR,1.4,1.4,GARANTITO,1.4,66.64114832535886,63.31291866028709,85.0,68.1,79
115,FPA,FONDO PENSIONE APERTO CNP,GARANZIA DI RENDIMENTO MIN.,GAR,1.48,1.35,GARANTITO,1.4020000000000001,66.58373205741627,63.26698564593302,85.0,68.0,80
5027,PIP,CNP TOP PENSION - PIANO INDIVIDUALE PENSIONISTICO DI TIPO ASSICURATIVO - FONDO PENSIONE,GEPI,GAR,1.58,1.3,GARANTITO,1.4120000000000001,66.29665071770336,63.03732057416269,85.0,67.8,81
5056,PIP,PIANO INDIVIDUALE PENSIONISTICO DI TIPO ASSICURATIVO - FONDO PENSIONE PREVINEXT,PREVINEXT FUTURO SICURO,GAR,1.52,1.34,GARANTITO,1.4120000000000001,66.29665071770336,63.03732057416269,85.0,67.8,82
5057,PIP,PIANO INDIVIDUALE PENSIONISTICO DI TIPO ASSICURATIVO - FONDO PENSIONE PREVINEXT PLATINUM,PREVINEXT FUTURO SICURO,GAR,1.6,1.36,GARANTITO,1.4560000000000002,65.03349282296651,62.02679425837321,85.0,66.8,83
120,FPA,FONDO PENSIONE APERTO BIM VITA,EQUILIBRIO,GAR,1.5,1.46,GARANTITO,1.476,64.45933014354068,61.567464114832546,85.0,66.4,84
5039,PIP,PIANO PENSIONISTICO 4026 - PIANO INDIVIDUALE PENSIONISTICO DI TIPO ASSICURATIVO - FONDO PENSIONE,PREVIATTIVA UNIPOL,GAR,1.88,1.24,GARANTITO,1.496,63.885167464114836,61.10813397129187,85.0,65.9,85
5040,PIP,PIANO PENSIONISTICO 4036 - PIANO INDIVIDUALE PENSIONISTICO DI TIPO ASSICURATIVO - FONDO PENSIONE,PREVIATTIVA UNIPOL,GAR,1.88,1.24,GARANTITO,1.496,63.885167464114836,61.10813397129187,85.0,65.9,86
5044,PIP,PIANO PENSIONISTICO 4046 - PIANO INDIVIDUALE PENSIONISTICI DI TIPO ASSICURATIVO - FONDO PENSIONE,PREVIATTIVA UNIPOL,GAR,1.88,1.24,GARANTITO,1.496,63.885167464114836,61.10813397129187,85.0,65.9,87
5085,PIP,UNICREDIT PENSIONE PIP - PIANO INDIVIDUALE PENSIONISTICO DI TIPO ASSICURATIVO - FONDO PENSIONE,SENIORVITA PREVIDENZIALE,GAR,1.7,1.38,GARANTITO,1.508,63.54066985645933,60.83253588516747,85.0,65.7,88
5086,PIP,UNICREDIT PREVIDENZA PIP  - PIANO INDIVIDUALE PENSIONISTICO DI TIPO ASSICURATIVO - FONDO PENSIONE,CREDITRAS PREVI,GAR,1.7,1.38,GARANTITO,1.508,63.54066985645933,60.83253588516747,85.0,65.7,89
5087,PIP,UNICREDIT FUTURO PIP CNP - PIANO INDIVIDUALE PENSIONISTICO DI TIPO ASSICURATIVO - FONDO PENSIONE,GEPI,GAR,1.7,1.38,GARANTITO,1.508,63.54066985645933,60.83253588516747,85.0,65.7,90
5094,PIP,ORIZZONTE PREVIDENZA - PIANO INDIVIDUALE PENSIONISTICO DI TIPO ASSICURATIVO - FONDO PENSIONE,FORMULA SICURA,GAR,1.53,1.5,GARANTITO,1.512,63.42583732057417,60.740669856459334,85.0,65.6,91
5059,PIP,PIANO INDIVIDUALE PENSIONISTICO DI TIPO ASSICURATIVO  - FONDO PENSIONE GUARDO AVANTI NEW,CATTOLICA PREVIDENZA SICURO,GAR,1.66,1.42,GARANTITO,1.516,63.311004784689004,60.64880382775121,85.0,65.5,92
5046,PIP,TAX QUALIFIED ANNUITY III - RENDITA DI PREVIDENZA QUALIFICATA - PIANO INDIVIDUALE PENSIONISTICO DI TIPO ASSICURATIVO - FONDO PENSIONE,PREVIATTIVA UNIPOL,GAR,1.91,1.26,GARANTITO,1.52,63.19617224880383,60.55693779904307,85.0,65.4,93
5081,PIP,PIANO INDIVIDUALE PENSIONISTICO VITTORIA - PIANO INDIVIDUALE PENSIONISTICO DI TIPO ASSICURATIVO - FONDO PENSIONE,FONDO VITTORIA PREVIDENZA,GAR,1.78,1.35,GARANTITO,1.5220000000000002,63.13875598086124,60.51100478468899,85.0,65.4,94
5055,PIP,SENIORVITA VALORE FUTURO - PIANO INDIVIDUALE PENSIONISTICO DI TIPO ASSICURATIVO - FONDO PENSIONE,SENIORVITA PREVIDENZIALE,GAR,1.8,1.35,GARANTITO,1.5300000000000002,62.90909090909091,60.32727272727273,85.0,65.2,95
5064,PIP,CATTOLICA PREVIDENZA PROGETTO PENSIONE BIS - PIANO INDIVIDUALE PENSIONISTICO DI TIPO ASSICURATIVO - FONDO PENSIONE,GESTIONE PREVIDENZA,GAR,1.56,1.52,GARANTITO,1.536,62.736842105263165,60.18947368421053,85.0,65.1,96
5060,PIP,PIANO INDIVIDUALE PENSIONISTICO DI TIPO ASSICURATIVO - FONDO PENSIONE - PUNTALTO,CATTOLICA PREVIDENZA SICURO,GAR,1.74,1.44,GARANTITO,1.56,62.047846889952154,59.638277511961725,85.0,64.5,97
6,FPA,ALMEGLIO FONDO PENSIONE APERTO ALLEANZA A CONTRIBUZIONE DEFINITA,OBBLIGAZIONARIO,GAR,1.86,1.38,GARANTITO,1.572,61.70334928229666,59.36267942583733,85.0,64.3,98
5090,PIP,BNL PIANOPENSIONE - PIANO INDIVIDUALE PENSIONISTICO DI TIPO ASSICURATIVO - FONDO PENSIONE,VALORPREVI,GAR,1.7,1.52,GARANTITO,1.592,61.12918660287081,58.90334928229665,85.0,63.8,99
5107,PIP,ZURICH SPAZIO PREVIDENZA -PIANO INDIVIDUALE PENSIONISTICO DI TIPO ASSICURATIVO - FONDO PENSIONE,ZURICH PENSION GARANTITA,GAR,1.85,1.45,GARANTITO,1.61,60.61244019138756,58.48995215311005,85.0,63.4,100
5083,PIP,IL MIO FUTURO - PIANO INDIVIDUALE PENSIONISTICO DI TIPO ASSICURATIVO - FONDO PENSIONE,EV PREVI,GAR,1.8,1.5,GARANTITO,1.62,60.32535885167464,58.26028708133972,85.0,63.2,101
5097,PIP,CNP VALORE INTEGRATIVO - PIANO INDIVIDUALE PENSIONISTICO DI TIPO ASSICURATIVO - FONDO PENSIONE,GEPI,GAR,1.95,1.4,GARANTITO,1.62,60.32535885167464,58.26028708133972,85.0,63.2,102
5104,PIP,PENSIONE FUTURA - PIANO INDIVIDUALE PENSIONISTICO DI TIPO ASSICURATIVO - FONDO PENSIONE,PENSIONE FUTURA          LINEA GARANTITA,GAR,1.88,1.45,GARANTITO,1.6219999999999999,60.267942583732065,58.214354066985656,85.0,63.2,103
5006,PIP,ALLEATA PREVIDENZA - PIANO INDIVIDUALE PENSIONISTICO DI TIPO ASSICURATIVO - FONDO PENSIONE,ALLEATA GARANTITA,GAR,1.89,1.45,GARANTITO,1.626,60.1531100478469,58.122488038277524,85.0,63.1,104
5106,PIP,BG PREVIDENZA ATTIVA PREMIUM - PIANO INDIVIDUALE PENSIONISTICO DI TIPO ASSICURATIVO - FONDO PENSIONE,RI.ALTO PREVIDENZA,GAR,1.88,1.46,GARANTITO,1.6280000000000001,60.09569377990431,58.07655502392345,85.0,63.0,105
5092,PIP,LIBERO DOMANI - PIANO INDIVIDUALE PENSIONISTICO DI TIPO ASSICURATIVO - FONDO PENSIONE,FUTURO&amp;PREVIDENZA,GAR,1.93,1.5,GARANTITO,1.672,58.832535885167474,57.066028708133985,85.0,62.1,106
5084,PIP,BAPCRESCENDOPREVIDENTE - PIANO INDIVIDUALE PENSIONISTICO DI TIPO ASSICURATIVO - FONDO PENSIONE,BAP GESTIONE PREVIDENZA,GAR,1.74,1.63,GARANTITO,1.674,58.77511961722489,57.020095693779915,85.0,62.0,107
5024,PIP,ELIOS PREVIDENZA 2007 - PIANO INDIVIDUALE PENSIONISTICO DI TIPO ASSICURATIVO - FONDO PENSIONE,FONDO PROTETTO 2007,GAR,1.84,1.58,GARANTITO,1.6840000000000002,58.48803827751196,56.79043062200957,85.0,61.8,108
5069,PIP,AXA PROGETTO PENSIONE PIU' - PIANO INDIVIDUALE PENSIONISTICO DI TIPO ASSICURATIVO - FONDO PENSIONE,GESTIRIV PREVIDENZA,GAR,1.98,1.55,GARANTITO,1.722,57.397129186602875,55.917703349282306,85.0,60.9,109
5108,PIP,PENSIONE REALE CLASSIC - PIANO INDIVIDUALE PENSIONISTICO DI TIPO ASSICURATIVO - FONDO PENSIONE,PREVIDENZA REALE,GAR,1.91,1.61,GARANTITO,1.73,57.16746411483254,55.733971291866034,85.0,60.8,110
5033,PIP,PROGRAMMA PER TE - PIANO INDIVIDUALE PENSIONISTICO DI TIPO ASSICURATIVO - FONDO PENSIONE,VALOREPIU' PREVIDENZA,GAR,2.13,1.53,GARANTITO,1.77,56.01913875598087,54.8153110047847,85.0,59.9,111
5103,PIP,ATHORA FUTURO PREVIDENZA - PIANO INDIVIDUALE PENSIONISTICO DI TIPO ASSICURATIVO - FONDO PENSIONE,ATHORA ITALIA - LINEA VALORE,GAR,1.98,1.63,GARANTITO,1.77,56.01913875598087,54.8153110047847,85.0,59.9,112
5037,PIP,PIP PROGETTO PENSIONE - PIANO INDIVIDUALE PENSIONISTICO DI TIPO ASSICURATIVO - FONDO PENSIONE,EV PREVI,GAR,1.99,1.63,GARANTITO,1.774,55.9043062200957,54.723444976076564,85.0,59.8,113
5038,PIP,VITA&amp;PREVIDENZA SANPAOLO PIU'  - PIANO INDIVIDUALE PENSIONISTICO DI TIPO ASSICURATIVO - FONDO PENSIONE,EV PREVI,GAR,1.99,1.63,GARANTITO,1.774,55.9043062200957,54.723444976076564,85.0,59.8,114
5075,PIP,VERA VITA PREVIDENZA - PIANO INDIVIDUALE PENSIONISTICO DI TIPO ASSICURATIVO - FONDO PENSIONE,POPOLARE VITA PREVIDENZA,GAR,1.99,1.63,GARANTITO,1.774,55.9043062200957,54.723444976076564,85.0,59.8,115
5082,PIP,FUTURO - PIANO INDIVIDUALE PENSIONISTICO DI TIPO ASSICURATIVO - FONDO PENSIONE,PREVIATTIVA UNIPOL,GAR,2.1,1.56,GARANTITO,1.776,55.84688995215312,54.6775119617225,85.0,59.8,116
5096,PIP,PENSIONE DOMANI - PIANO INDIVIDUALE PENSIONISTICO DI TIPO ASSICURATIVO - FONDO PENSIONE,PREVIATTIVA UNIPOL,GAR,2.1,1.56,GARANTITO,1.776,55.84688995215312,54.6775119617225,85.0,59.8,117
5010,PIP,AXA MPS PREVIDENZA ATTIVA - PIANO INDIVIDUALE PENSIONISTICO DI TIPO ASSICURATIVO - FONDO PENSIONE,MPV PREVIDENZA,GAR,1.93,1.69,GARANTITO,1.786,55.5598086124402,54.44784688995216,85.0,59.5,118
5068,PIP,DOMANI SICURO PLUS - PIANO INDIVIDUALE PENSIONISTICO DI TIPO ASSICURATIVO - FONDO PENSIONE,PREFIN FUTURO,GAR,2.18,1.53,GARANTITO,1.79,55.44497607655502,54.35598086124402,85.0,59.4,119
5002,PIP,OUVERTURE 2007 - PIANO INDIVIDUALE PENSIONISTICO DI TIPO ASSICURATIVO - FONDO PENSIONE,BAP GESTIONE PREVIDENZA,GAR,2.05,1.65,GARANTITO,1.8099999999999998,54.8708133971292,53.89665071770336,85.0,59.0,120
5011,PIP,AXA MPS PREVIDENZA PERSONALE - PIANO INDIVIDUALE PENSIONISTICO DI TIPO ASSICURATIVO - FONDO PENSIONE,MPV PREVIDENZA,GAR,2.05,1.65,GARANTITO,1.8099999999999998,54.8708133971292,53.89665071770336,85.0,59.0,121
5008,PIP,FUTURO ATTIVO – PIANO INDIVIDUALE PENSIONISTICO DI TIPO ASSICURATIVO – FONDO PENSIONE,PREVIDENZA CONCRETA,GAR,2.21,1.55,GARANTITO,1.814,54.755980861244026,53.80478468899523,85.0,58.9,122
5016,PIP,BG PREVIDENZA ATTIVA - PIANO INDIVIDUALE PENSIONISTICO DI TIPO ASSICURATIVO - FONDO PENSIONE,RI.ALTO PREVIDENZA,GAR,2.08,1.65,GARANTITO,1.822,54.52631578947369,53.621052631578955,85.0,58.7,123
5088,PIP,VERA VITA PENSIONE SICURA - PIANO INDIVIDUALE PENSIONISTICO DI TIPO ASSICURATIVO - FONDO PENSIONE,POPOLARE VITA PREVIDENZA,GAR,2.04,1.68,GARANTITO,1.824,54.46889952153111,53.575119617224885,85.0,58.7,124
5050,PIP,UNIPOL FUTURO PRESENTE - PIANO INDIVIDUALE PENSIONISTICO DI TIPO ASSICURATIVO - FONDO PENSIONE,PREVIATTIVA UNIPOL,GAR,2.17,1.61,GARANTITO,1.834,54.18181818181819,53.34545454545455,85.0,58.5,125
5080,PIP,CATTOLICAPREVIDENZAPERLAPENSIONE - PIANO INDIVIDUALE PENSIONISTICO DI TIPO ASSICURATIVO - FONDO PENSIONE,GESTIONE PREVIDENZA,GAR,2.11,1.67,GARANTITO,1.846,53.83732057416268,53.06985645933015,85.0,58.2,126
5015,PIP,NUOVA PENSIONE - PIANO INDIVIDUALE PENSIONISTICO DI TIPO ASSICURATIVO - FONDO PENSIONE,RI.ALTO PREVIDENZA,GAR,2.14,1.67,GARANTITO,1.858,53.492822966507184,52.79425837320575,85.0,57.9,127
5091,PIP,MIA PENSIONE - PIANO INDIVIDUALE PENSIONISTICO DI TIPO ASSICURATIVO - FONDO PENSIONE,GESTIRIV PREVIDENZA,GAR,2.17,1.68,GARANTITO,1.876,52.97607655502393,52.380861244019144,85.0,57.5,128
5012,PIP,VIPENSIONO - PIANO INDIVIDUALE PENSIONISTICO DI TIPO ASSICURATIVO - FONDO PENSIONE,FONDO VIP,GAR,2.21,1.68,GARANTITO,1.892,52.51674641148326,52.013397129186615,85.0,57.2,129
5102,PIP,GENERAZIONE PREVIDENTE - PIANO INDIVIDUALE PENSIONISTICO DI TIPO ASSICURATIVO - FONDO PENSIONE,GESAV GLOBAL,GAR,2.35,1.59,GARANTITO,1.8940000000000001,52.45933014354067,51.96746411483254,85.0,57.1,130
5110,PIP,PREVIDENZA ITALIANA - PIANO INDIVIDUALE PENSIONISTICO DI TIPO ASSICURATIVO - FONDO PENSIONE,PREFIN FUTURO,GAR,2.22,1.71,GARANTITO,1.9140000000000001,51.88516746411483,51.50813397129187,85.0,56.7,131
5099,PIP,UNIPOL PREVIDENZA FUTURA - PIANO INDIVIDUALE PENSIONISTICO DI TIPO ASSICURATIVO - FONDO PENSIONE,PREVIATTIVA UNIPOL,GAR,2.23,1.71,GARANTITO,1.9180000000000001,51.770334928229666,51.41626794258374,85.0,56.6,132
6,FPA,ALMEGLIO FONDO PENSIONE APERTO ALLEANZA A CONTRIBUZIONE DEFINITA,BILANCIATO,GAR,2.22,1.74,GARANTITO,1.9320000000000002,51.36842105263158,51.09473684210527,85.0,56.3,133
39,FPA,ZED OMNIFUND - FONDO PENSIONE APERTO,GARANTITA,GAR,2.09,1.89,GARANTITO,1.9699999999999998,50.2775119617225,50.222009569378,85.0,55.5,134
5073,PIP,CENTO STELLE TAXPLAN - PIANO INDIVIDUALE PENSIONISTICO DI TIPO ASSICURATIVO - FONDO PENSIONE,PREVIDENZA REALE,GAR,2.35,1.75,GARANTITO,1.9900000000000002,49.70334928229665,49.76267942583732,85.0,55.0,135
5074,PIP,PLANNER - PIANO INDIVIDUALE PENSIONISTICO DI TIPO ASSICURATIVO - FONDO PENSIONE,ITALIANA LINEA PREVIDENZA,GAR,2.35,1.75,GARANTITO,1.9900000000000002,49.70334928229665,49.76267942583732,85.0,55.0,136
5047,PIP,MODUS. PIANO INDIVIDUALE PENSIONISTICO DI TIPO ASSICURATIVO - FONDO PENSIONE,BCC VITA GARANTITA PIP,GAR,2.39,1.75,GARANTITO,2.0060000000000002,49.24401913875598,49.39521531100479,85.0,54.7,137
5109,PIP,PENSIONE REALE PREMIUM - PIANO INDIVIDUALE PENSIONISTICO DI TIPO ASSICURATIVO - FONDO PENSIONE,PREVIDENZA REALE,GAR,2.52,1.8,GARANTITO,2.088,46.88995215311005,47.511961722488046,85.0,52.9,138
5023,PIP,GROUPAMA PIANO PENSIONISTICO INDIVIDUALE - PIANO INDIVIDUALE PENSIONISTICO DI TIPO ASSICURATIVO - FONDO PENSIONE,VALOREPIU' PREVIDENZA,GAR,2.46,1.86,GARANTITO,2.1,46.54545454545455,47.23636363636364,85.0,52.6,139
5072,PIP,SARA MULTISTRATEGY PIP - PIANO INDIVIDUALE PENSIONISTICO DI TIPO ASSICURATIVO - FONDO PENSIONE,FUTURO&amp;PREVIDENZA,GAR,2.58,2.16,GARANTITO,2.3280000000000003,40.0,42.0,85.0,47.6,140
61,FPN,FONDO PENSIONE COMETA,MONETARIO PLUS,OBB,0.13,0.06,OBBLIGAZIONARIO,0.088,100.0,90.0,85.0,93.8,1
1,FPN,FONDO PENSIONE FONCHIM,STABILITÀ,OBB,0.26,0.13,OBBLIGAZIONARIO,0.182,97.59180187873612,88.0734415029889,85.0,91.9,2
93,FPN,FONDO PENSIONE LABORFONDS,LINEA PRUDENTE - ETICA,OBB,0.22,0.17,OBBLIGAZIONARIO,0.19,97.38684884713919,87.90947907771135,85.0,91.7,3
3,FPN,FONDO PENSIONE QUADRI E CAPI FIAT,REDDITO,OBB,0.31,0.17,OBBLIGAZIONARIO,0.226,96.46456020495303,87.17164816396243,85.0,91.0,4
142,FPN,FONDO PENSIONE FONDEMAIN,PRUDENTE - Lavoratori autonomi,OBB,0.28,0.19,OBBLIGAZIONARIO,0.226,96.46456020495303,87.17164816396243,85.0,91.0,5
142,FPN,FONDO PENSIONE FONDEMAIN,PRUDENTE - Lavoratori dipendenti,OBB,0.28,0.19,OBBLIGAZIONARIO,0.226,96.46456020495303,87.17164816396243,85.0,91.0,6
164,FPN,FONDO PERSEO SIRIO,OBBLIGAZIONARIO,OBB,0.27,0.2,OBBLIGAZIONARIO,0.228,96.4133219470538,87.13065755764305,85.0,91.0,7
126,FPN,FONDO PENSIONE MEDIAFOND,COMPARTO OBBLIGAZIONARIO,OBB,0.32,0.19,OBBLIGAZIONARIO,0.242,96.05465414175919,86.84372331340735,85.0,90.7,8
143,FPN,FONDO PENSIONE FONDOPOSTE,MONETARIO,OBB,0.26,0.23,OBBLIGAZIONARIO,0.24200000000000002,96.05465414175917,86.84372331340734,85.0,90.7,9
87,FPN,SOLIDARIETA' VENETO - FONDO PENSIONE,PRUDENTE  - Lavoratori dipendenti,OBB,0.32,0.22,OBBLIGAZIONARIO,0.26,95.5935098206661,86.47480785653288,85.0,90.4,10
170,FPN,PREVIDENZA COOPERATIVA,BILANCIATO,OBB,0.3,0.23,OBBLIGAZIONARIO,0.258,95.64474807856533,86.51579846285226,85.0,90.4,11
139,FPN,FONDO PENSIONE PRIAMO,BILANCIATO PRUDENZA,OBB,0.34,0.21,OBBLIGAZIONARIO,0.262,95.54227156276687,86.4338172502135,85.0,90.3,12
116,FPN,FONDO PENSIONE FONDAPI,PRUDENTE,OBB,0.34,0.22,OBBLIGAZIONARIO,0.268,95.38855678906917,86.31084543125534,85.0,90.2,13
87,FPN,SOLIDARIETA' VENETO - FONDO PENSIONE,PRUDENTE  - Lavoratori autonomi,OBB,0.44,0.25,OBBLIGAZIONARIO,0.326,93.90264730999147,85.12211784799318,85.0,89.1,14
122,FPN,FONDO PENSIONE CONCRETO,BILANCIATO,OBB,0.42,0.26,OBBLIGAZIONARIO,0.324,93.9538855678907,85.16310845431256,85.0,89.1,15
167,FPN,FONDAEREO,OBBLIGAZIONARIO - Assistenti di volo,OBB,0.46,0.25,OBBLIGAZIONARIO,0.334,93.69769427839454,84.95815542271563,85.0,88.9,16
127,FPN,PREVAER - FONDO PENSIONE,LINEA PRUDENTE,OBB,0.42,0.29,OBBLIGAZIONARIO,0.34199999999999997,93.4927412467976,84.79419299743809,85.0,88.7,17
123,FPN,FONDO PENSIONE FON.TE.,SVILUPPO,OBB,0.45,0.31,OBBLIGAZIONARIO,0.366,92.87788215200683,84.30230572160546,85.0,88.3,18
103,FPN,FONDO PENSIONE TELEMACO,PRUDENTE,OBB,0.44,0.33,OBBLIGAZIONARIO,0.374,92.6729291204099,84.13834329632793,85.0,88.1,19
88,FPN,FONDO PENSIONE PREVIAMBIENTE,BILANCIATO,OBB,0.46,0.34,OBBLIGAZIONARIO,0.388,92.31426131511529,83.85140905209224,85.0,87.8,20
167,FPN,FONDAEREO,OBBLIGAZIONARIO - Piloti,OBB,0.68,0.29,OBBLIGAZIONARIO,0.446,90.82835183603757,82.66268146883006,85.0,86.7,21
99,FPN,FONDO PENSIONE FOPEN,BILANCIATO OBBLIGAZIONARIO,OBB,0.51,0.43,OBBLIGAZIONARIO,0.462,90.41844577284373,82.33475661827498,85.0,86.4,22
5053,PIP,FEELGOOD - PIANO INDIVIDUALE PENSIONISTICO DI TIPO ASSICURATIVO - FONDO PENSIONE,ITALIANA LINEA PRUDENTE,OBB,0.58,0.38,OBBLIGAZIONARIO,0.45999999999999996,90.46968403074295,82.37574722459436,85.0,86.4,23
77,FPN,FONDOSANITA',SCUDO,OBB,0.71,0.34,OBBLIGAZIONARIO,0.488,89.75234842015371,81.80187873612297,85.0,85.9,24
5052,PIP,CENTO STELLE REALE - PIANO INDIVIDUALE PENSIONISTICO DI TIPO ASSICURATIVO - FONDO PENSIONE,REALE LINEA PRUDENTE,OBB,0.64,0.43,OBBLIGAZIONARIO,0.514,89.0862510674637,81.26900085397097,85.0,85.3,25
118,FPA,INSIEME - FONDO PENSIONE APERTO A CONTRIBUZIONE DEFINITA,LINEA OBBLIGAZIONARIA BREVE TERMINE,OBB,0.63,0.56,OBBLIGAZIONARIO,0.5880000000000001,87.19043552519214,79.75234842015372,85.0,83.9,26
53,FPA,FONDO PENSIONE APERTO AUREO,PRUDENTE  ESG,OBB,0.65,0.57,OBBLIGAZIONARIO,0.602,86.83176771989753,79.46541417591803,85.0,83.6,27
65,FPA,SECONDAPENSIONE FONDO PENSIONE APERTO,PRUDENTE ESG,OBB,0.73,0.65,OBBLIGAZIONARIO,0.6819999999999999,84.78223740392826,77.82578992314261,85.0,82.0,28
70,FPA,FONDO PENSIONE APERTO GIUSTINIANO,MONETARIA,OBB,0.76,0.64,OBBLIGAZIONARIO,0.6880000000000001,84.62852263023056,77.70281810418446,85.0,81.9,29
118,FPA,INSIEME - FONDO PENSIONE APERTO A CONTRIBUZIONE DEFINITA,LINEA OBBLIGAZIONARIA,OBB,0.78,0.71,OBBLIGAZIONARIO,0.738,83.34756618274979,76.67805294619983,85.0,80.9,30
118,FPA,INSIEME - FONDO PENSIONE APERTO A CONTRIBUZIONE DEFINITA,LINEA OBBLIGAZIONARIA LUNGO TERMINE,OBB,0.78,0.71,OBBLIGAZIONARIO,0.738,83.34756618274979,76.67805294619983,85.0,80.9,31
70,FPA,FONDO PENSIONE APERTO GIUSTINIANO,OBBLIGAZIONARIA,OBB,0.85,0.73,OBBLIGAZIONARIO,0.778,82.32280102476516,75.85824081981212,85.0,80.1,32
153,FPA,FONDO PENSIONE APERTO UBI PREVIDENZA,PRUDENTE,OBB,0.84,0.77,OBBLIGAZIONARIO,0.798,81.81041844577284,75.44833475661828,85.0,79.7,33
147,FPA,FONDO PENSIONE APERTO PENSPLAN PROFI,ETHICAL LIFE SHORT TERM,OBB,0.9,0.77,OBBLIGAZIONARIO,0.8220000000000001,81.19555935098207,74.95644748078566,85.0,79.3,34
10,FPA,PREVID-SYSTEM - FONDO PENSIONE APERTO,CRESCITA PRUDENTE,OBB,0.93,0.84,OBBLIGAZIONARIO,0.8760000000000001,79.81212638770282,73.84970111016226,85.0,78.2,35
50,FPA,EURORISPARMIO PREVIDENZA COMPLEMENTARE FONDO PENSIONE APERTO,OBBLIGAZIONARIO,OBB,0.97,0.85,OBBLIGAZIONARIO,0.898,79.24850555081127,73.39880444064903,85.0,77.8,36
40,FPA,PLURIFONDS IL FONDO PENSIONE DI ITAS VITA,SERENITAS,OBB,0.96,0.86,OBBLIGAZIONARIO,0.9,79.19726729291204,73.35781383432965,85.0,77.7,37
169,FPA,CORE PENSION FONDO PENSIONE APERTO,OBBLIGAZIONARIO MISTO 25% ESG,OBB,0.98,0.87,OBBLIGAZIONARIO,0.914,78.83859948761742,73.07087959009394,85.0,77.5,38
147,FPA,FONDO PENSIONE APERTO PENSPLAN PROFI,ETHICAL LIFE CONSERVATIVE,OBB,1.01,0.87,OBBLIGAZIONARIO,0.926,78.53116994022203,72.82493595217763,85.0,77.2,39
63,FPA,ARTI E MESTIERI FONDO PENSIONE APERTO,CONSERVAZIONE 3+,OBB,1.03,0.93,OBBLIGAZIONARIO,0.9700000000000001,77.40392826643894,71.92314261315116,85.0,76.4,40
10,FPA,PREVID-SYSTEM - FONDO PENSIONE APERTO,CRESCITA DINAMICA,OBB,1.03,0.94,OBBLIGAZIONARIO,0.976,77.25021349274124,71.800170794193,85.0,76.2,41
37,FPA,FONDO PENSIONE APERTO ZURICH CONTRIBUTION,CONSERVATIVA,OBB,1.02,0.95,OBBLIGAZIONARIO,0.978,77.19897523484201,71.75918018787361,85.0,76.2,42
8,FPA,GENERALI GLOBAL - FONDO PENSIONE APERTO A CONTRIBUZIONE DEFINITA,OBBLIGAZIONARIO BREVE TERMINE,OBB,1.08,0.93,OBBLIGAZIONARIO,0.9900000000000001,76.89154568744662,71.5132365499573,85.0,76.0,43
53,FPA,FONDO PENSIONE APERTO AUREO,OBBLIGAZIONARIO ESG,OBB,1.05,0.97,OBBLIGAZIONARIO,1.002,76.58411614005124,71.267292912041,85.0,75.7,44
115,FPA,FONDO PENSIONE APERTO CNP,OBBLIGAZIONARIO,OBB,1.08,0.95,OBBLIGAZIONARIO,1.002,76.58411614005124,71.267292912041,85.0,75.7,45
4,FPA,ALLIANZ PREVIDENZA  FONDO PENSIONE APERTO A CONTRIBUZIONE DEFINITA,LINEA OBBLIGAZIONARIA BREVE TERMINE,OBB,1.04,1.0,OBBLIGAZIONARIO,1.016,76.2254483347566,70.98035866780529,85.0,75.4,46
8,FPA,GENERALI GLOBAL - FONDO PENSIONE APERTO A CONTRIBUZIONE DEFINITA,OBBLIGAZIONARIO,OBB,1.13,0.98,OBBLIGAZIONARIO,1.04,75.61058923996583,70.48847139197267,85.0,75.0,47
17,FPA,FONDO PENSIONE APERTO TESEO,PRUDENZIALE ETICA,OBB,1.06,1.02,OBBLIGAZIONARIO,1.036,75.71306575576429,70.57045260461143,85.0,75.0,48
149,FPA,RAIFFEISEN FONDO PENSIONE APERTO,SAFE,OBB,1.09,1.01,OBBLIGAZIONARIO,1.042,75.5593509820666,70.44748078565328,85.0,74.9,49
120,FPA,FONDO PENSIONE APERTO BIM VITA,BOND,OBB,1.08,1.04,OBBLIGAZIONARIO,1.056,75.20068317677199,70.1605465414176,85.0,74.7,50
30,FPA,FONDO PENSIONE APERTO UNIPOL PREVIDENZA FPA,BILANCIATO ETICO,OBB,1.16,0.99,OBBLIGAZIONARIO,1.0579999999999998,75.14944491887276,70.11955593509822,85.0,74.6,51
30,FPA,FONDO PENSIONE APERTO UNIPOL PREVIDENZA FPA,OBBLIGAZIONARIO,OBB,1.16,0.99,OBBLIGAZIONARIO,1.0579999999999998,75.14944491887276,70.11955593509822,85.0,74.6,52
39,FPA,ZED OMNIFUND - FONDO PENSIONE APERTO,OBBLIGAZIONARIA,OBB,1.19,0.98,OBBLIGAZIONARIO,1.064,74.99573014517506,69.99658411614004,85.0,74.5,53
8,FPA,GENERALI GLOBAL - FONDO PENSIONE APERTO A CONTRIBUZIONE DEFINITA,REAL RETURN,OBB,1.18,1.03,OBBLIGAZIONARIO,1.0899999999999999,74.32963279248506,69.46370623398805,85.0,74.0,54
111,FPA,AZIONE DI PREVIDENZA - FONDO PENSIONE APERTO,PRUDENTE,OBB,1.17,1.04,OBBLIGAZIONARIO,1.092,74.27839453458583,69.42271562766867,85.0,73.9,55
5025,PIP,TAXBENEFIT NEW - PIANO INDIVIDUALE PENSIONISTICO DI TIPO ASSICURATIVO - FONDO PENSIONE,CHALLENGE PROVIDENT FUND 4,OBB,1.19,1.06,OBBLIGAZIONARIO,1.112,73.76601195559351,69.01280956447482,85.0,73.5,56
84,FPA,FONDO PENSIONE APERTO IL MIO DOMANI,LINEA BREVE TERMINE,OBB,1.3,1.01,OBBLIGAZIONARIO,1.126,73.40734415029888,68.72587532023911,85.0,73.3,57
84,FPA,FONDO PENSIONE APERTO IL MIO DOMANI,LINEA BREVE TERMINE ESG,OBB,1.3,1.01,OBBLIGAZIONARIO,1.126,73.40734415029888,68.72587532023911,85.0,73.3,58
147,FPA,FONDO PENSIONE APERTO PENSPLAN PROFI,ETHICAL LIFE BALANCED GROWTH,OBB,1.21,1.08,OBBLIGAZIONARIO,1.1320000000000001,73.2536293766012,68.60290350128096,85.0,73.2,59
92,FPA,AZIMUT PREVIDENZA - FONDO PENSIONE APERTO,OBBLIGAZIONARIO,OBB,1.3,1.1,OBBLIGAZIONARIO,1.1800000000000002,72.02391118701964,67.61912894961571,85.0,72.2,60
4,FPA,ALLIANZ PREVIDENZA  FONDO PENSIONE APERTO A CONTRIBUZIONE DEFINITA,LINEA OBBLIGAZIONARIA LUNGO TERMINE,OBB,1.24,1.2,OBBLIGAZIONARIO,1.216,71.10162254483348,66.88129803586679,85.0,71.5,61
5,FPA,PREVIDENZA PER TE - FONDO PENSIONE APERTO,MONETA,OBB,1.36,1.19,OBBLIGAZIONARIO,1.258,70.02561912894961,66.02049530315969,85.0,70.7,62
30,FPA,FONDO PENSIONE APERTO UNIPOL PREVIDENZA FPA,BILANCIATO PRUDENTE,OBB,1.37,1.2,OBBLIGAZIONARIO,1.268,69.76942783945346,65.81554227156278,85.0,70.5,63
7,FPA,FONDO PENSIONE FIDEURAM - FONDO PENSIONE APERTO,SICUREZZA,OBB,1.52,1.35,OBBLIGAZIONARIO,1.4180000000000001,65.92655849701109,62.74124679760887,85.0,67.5,64
5025,PIP,TAXBENEFIT NEW - PIANO INDIVIDUALE PENSIONISTICO DI TIPO ASSICURATIVO - FONDO PENSIONE,CHALLENGE PROVIDENT FUND 3,OBB,1.64,1.51,OBBLIGAZIONARIO,1.5619999999999998,62.23740392826644,59.789923142613155,85.0,64.7,65
34,FPA,FONDO PENSIONE APERTO PREVIGEST FUND MEDIOLANUM,OBBLIGAZIONARIO,OBB,1.65,1.54,OBBLIGAZIONARIO,1.584,61.67378309137489,59.33902647309991,85.0,64.2,66
5051,PIP,AVIVA VITA - PRO FUTURO - PIANO INDIVIDUALE PENSIONISTICO DI TIPO ASSICURATIVO - FONDO PENSIONE,AVIVA-UBI 1,OBB,1.76,1.49,OBBLIGAZIONARIO,1.598,61.315115286080264,59.05209222886421,85.0,64.0,67
5036,PIP,PIANO INDIVIDUALE PENSIONISTICO DI TIPO ASSICURATIVO - PROGRESSIVE PENSION PLAN - PROGRAMMA DINAMICO - FONDO PENSIONE,CONTROL,OBB,1.79,1.6,OBBLIGAZIONARIO,1.6760000000000002,59.316823228010236,57.45345858240819,85.0,62.4,68
5027,PIP,CNP TOP PENSION - PIANO INDIVIDUALE PENSIONISTICO DI TIPO ASSICURATIVO - FONDO PENSIONE,CNP PIP OBBLIGAZIONARIO,OBB,1.88,1.6,OBBLIGAZIONARIO,1.712,58.39453458582408,56.715627668659266,85.0,61.7,69
5094,PIP,ORIZZONTE PREVIDENZA - PIANO INDIVIDUALE PENSIONISTICO DI TIPO ASSICURATIVO - FONDO PENSIONE,OBBLIGAZIONARIO,OBB,1.83,1.8,OBBLIGAZIONARIO,1.8120000000000003,55.832621690862496,54.66609735269,85.0,59.7,70
5098,PIP,CREDEMVITA FUTURA - PIANO INDIVIDUALE PENSIONISTICO DI TIPO ASSICURATIVO - FONDO PENSIONE,OBBLIGAZIONARIO,OBB,1.98,1.7,OBBLIGAZIONARIO,1.812,55.8326216908625,54.66609735269,85.0,59.7,71
5019,PIP,PROGRAMMA PENSIONE - PIANO INDIVIDUALE PENSIONISTICO DI TIPO ASSICURATIVO - FONDO PENSIONE,ZURICH PENSION ESG PROTETTO,OBB,2.09,1.69,OBBLIGAZIONARIO,1.85,54.85909479077711,53.88727583262169,85.0,59.0,72
5088,PIP,VERA VITA PENSIONE SICURA - PIANO INDIVIDUALE PENSIONISTICO DI TIPO ASSICURATIVO - FONDO PENSIONE,POPOLARE VITA PRUDENTE,OBB,2.14,1.78,OBBLIGAZIONARIO,1.9240000000000002,52.96327924850554,52.37062339880444,85.0,57.5,73
5097,PIP,CNP VALORE INTEGRATIVO - PIANO INDIVIDUALE PENSIONISTICO DI TIPO ASSICURATIVO - FONDO PENSIONE,CNP PIP OBBLIGAZIONARIO,OBB,2.25,1.71,OBBLIGAZIONARIO,1.9260000000000002,52.912040990606314,52.32963279248506,85.0,57.5,74
5037,PIP,PIP PROGETTO PENSIONE - PIANO INDIVIDUALE PENSIONISTICO DI TIPO ASSICURATIVO - FONDO PENSIONE,STRATEGIA 15,OBB,2.15,1.79,OBBLIGAZIONARIO,1.9340000000000002,52.707087959009385,52.16567036720751,85.0,57.3,75
5106,PIP,BG PREVIDENZA ATTIVA PREMIUM - PIANO INDIVIDUALE PENSIONISTICO DI TIPO ASSICURATIVO - FONDO PENSIONE,OBBLIGAZIONARIO PREVIDENZA ATTIVA PREMIUM,OBB,2.35,1.93,OBBLIGAZIONARIO,2.098,48.505550811272414,48.804440649017934,85.0,54.1,76
5047,PIP,MODUS. PIANO INDIVIDUALE PENSIONISTICO DI TIPO ASSICURATIVO - FONDO PENSIONE,BCC VITA WORLD GLOBAL BOND PIP,OBB,2.61,1.97,OBBLIGAZIONARIO,2.226,45.2263023057216,46.18104184457729,85.0,51.6,77
5055,PIP,SENIORVITA VALORE FUTURO - PIANO INDIVIDUALE PENSIONISTICO DI TIPO ASSICURATIVO - FONDO PENSIONE,PROGETTO SMART,OBB,2.65,2.21,OBBLIGAZIONARIO,2.386,41.12724167378308,42.90179333902647,85.0,48.4,78
5072,PIP,SARA MULTISTRATEGY PIP - PIANO INDIVIDUALE PENSIONISTICO DI TIPO ASSICURATIVO - FONDO PENSIONE,SARA PREVIFUTURO  - COMPARTO OBBLIGAZIONARIO EUROPEO,OBB,2.7,2.25,OBBLIGAZIONARIO,2.4299999999999997,40.0,42.0,85.0,47.6,79
5092,PIP,LIBERO DOMANI - PIANO INDIVIDUALE PENSIONISTICO DI TIPO ASSICURATIVO - FONDO PENSIONE,SARA PREVIFUTURO  - COMPARTO OBBLIGAZIONARIO EUROPEO,OBB,2.7,2.25,OBBLIGAZIONARIO,2.4299999999999997,40.0,42.0,85.0,47.6,80
